name,twitter_link,followers_count,friends_count,lang,location,occupation,profile_image_url,url,updated_at
Justin Bieber,[@justinbieber](https://twitter.com/justinbieber],114306836,284268,,The 6,Pop musician,http://pbs.twimg.com/profile_images/1473447174591684612/vlsbWYtq_normal.jpg,https://JustinBieber.lnk.to/JusticeTCD,2022-05-12 12:50:48
KATY PERRY,[@katyperry](https://twitter.com/katyperry],108900883,239,en,,Pop musician,http://pbs.twimg.com/profile_images/1392465354622791687/w_KwtKcE_normal.jpg,http://linktr.ee/katyperry,2022-05-12 09:50:58
Rihanna,[@rihanna](https://twitter.com/rihanna],106490137,997,en,,K-pop musician,http://pbs.twimg.com/profile_images/1133109643734130688/BwioAwkz_normal.jpg,https://ri-hanna.io/fentyparfum,2022-05-12 14:50:11
Taylor Swift,[@taylorswift13](https://twitter.com/taylorswift13],90337774,,,,Pop musician,http://pbs.twimg.com/profile_images/1405947624184713220/aCLC4bTE_normal.jpg,https://taylor.lnk.to/RedTaylorsVersion,2022-05-12 13:50:26
Lady Gaga,[@ladygaga](https://twitter.com/ladygaga],84677371,118087,und,,Pop musician,http://pbs.twimg.com/profile_images/1519346609125003264/rekKHZUq_normal.jpg,"https://ladygaga.lnk.to/HoldMyHand,https://TonyGaga.lnk.to/LoveForSale",2022-05-12 13:50:27
Selena Gomez,[@selenagomez](https://twitter.com/selenagomez],65854538,1084,en,Los Angeles,Pop musician,http://pbs.twimg.com/profile_images/1490735661409832963/MdjPf5jL_normal.jpg,"https://linktr.ee/selenagomez,http://smarturl.it/REVELACIONSG",2022-05-12 13:50:26
Justin Timberlake,[@jtimberlake](https://twitter.com/jtimberlake],63199149,332,,"Memphis, TN",Pop musician,http://pbs.twimg.com/profile_images/1232096230702014464/E7LexPCo_normal.jpg,http://bit.ly/BETTERDAYSxFAIRFIGHT,2022-05-12 09:50:58
Britney Spears,[@britneyspears](https://twitter.com/britneyspears],55833008,363863,,"Los Angeles, CA",Pop musician,http://pbs.twimg.com/profile_images/1323418800876777474/0w4orMOC_normal.jpg,https://smarturl.it/BS.GloryDeluxe,2022-05-12 09:50:58
Demi Lovato,[@ddlovato](https://twitter.com/ddlovato],54219258,,en,DALLAS/LA,Pop musician,http://pbs.twimg.com/profile_images/1509235931257126923/sa6r9AKC_normal.jpg,https://linktr.ee/demilovato,2022-05-12 10:50:27
Shakira,[@shakira](https://twitter.com/shakira],52836885,232,es,Barranquilla,Pop musician,http://pbs.twimg.com/profile_images/1517482924077207553/KVYNrafL_normal.jpg,https://linktr.ee/shakira,2022-05-12 00:51:20
Amitabh Bachchan,[@SrBachchan](https://twitter.com/SrBachchan],47482169,1799,en,"Mumbai, India",K-pop musician,http://pbs.twimg.com/profile_images/1262261228652675072/Pl_u58Pb_normal.jpg,https://srbachchan.tumblr.com/,2022-05-12 09:50:52
Miley Cyrus,[@MileyCyrus](https://twitter.com/MileyCyrus],46766295,72,en,,Pop musician,http://pbs.twimg.com/profile_images/1508113981130559500/BGp9Hv1F_normal.jpg,http://mileyworld.com,2022-05-12 11:50:25
Bruno Mars,[@BrunoMars](https://twitter.com/BrunoMars],43270691,95,en,,Pop musician,http://pbs.twimg.com/profile_images/1488093046747000832/aPjggOc1_normal.jpg,http://www.brunomars.com,2022-05-12 05:50:46
Niall Horan,[@NiallOfficial](https://twitter.com/NiallOfficial],41304462,5740,en,"Mullingar,Westmeath,Ireland",Pop musician,http://pbs.twimg.com/profile_images/1466536333288124419/g5Dtpp6S_normal.jpg,http://niallhoran.com,2022-05-11 14:50:51
Harry Styles.,[@Harry_Styles](https://twitter.com/Harry_Styles],37712424,1814,en,,Pop musician,http://pbs.twimg.com/profile_images/1506662939410907136/ogCRZ0MJ_normal.jpg,http://hstyles.co.uk,2022-05-12 13:50:26
Sachin Tendulkar,[@sachin_rt](https://twitter.com/sachin_rt],37311751,81,en,"√úT: 18.986431,72.823769",K-pop musician,http://pbs.twimg.com/profile_images/1410819014255730689/u76ZqFWN_normal.jpg,http://bit.ly/100MBApp,2022-05-12 12:51:15
Louis Tomlinson,[@Louis_Tomlinson](https://twitter.com/Louis_Tomlinson],36034382,3471,en,Doncaster,Pop musician,http://pbs.twimg.com/profile_images/1167116488035262472/IthDWGne_normal.jpg,https://louis-tomlinson.com,2022-05-12 11:50:25
Hillary Clinton,[@HillaryClinton](https://twitter.com/HillaryClinton],31475986,960,en,"New York, NY",K-pop musician,http://pbs.twimg.com/profile_images/1291192333199958017/SvH8J8_P_normal.jpg,http://onwardtogether.org,2022-05-12 13:50:27
Alicia Keys,[@aliciakeys](https://twitter.com/aliciakeys],30098169,773,en,New York City,K-pop musician,http://pbs.twimg.com/profile_images/1433098602994409479/WGbwul6a_normal.jpg,https://linktr.ee/aliciakeys,2022-05-11 06:50:24
Adele,[@Adele](https://twitter.com/Adele],27478677,1,,London,Pop musician,http://pbs.twimg.com/profile_images/1448287947686617089/N7uf8mjs_normal.jpg,"http://adele.com,http://adele.com",2022-05-12 12:51:07
Shawn Mendes,[@ShawnMendes](https://twitter.com/ShawnMendes],26777422,54608,en,,Pop musician,http://pbs.twimg.com/profile_images/1424775968728576002/-bH70SQM_normal.jpg,http://wonderthetour.com,2022-05-12 13:50:26
Nicki Minaj,[@NICKIMINAJ](https://twitter.com/NICKIMINAJ],25198088,6005,en, #WeGoUp VIDEO OUT üìà‚è∞‚ÄºÔ∏èüéÄ,K-pop musician,http://pbs.twimg.com/profile_images/1494417938153041939/NC6OZzg7_normal.jpg,"http://NickiMinajOfficial.com,https://m.youtube.com/watch?v=KSd4nGoNftg&feature=youtu.be",2022-05-12 11:51:22
Anushka Sharma,[@AnushkaSharma](https://twitter.com/AnushkaSharma],23082211,120,hi,,K-pop musician,http://pbs.twimg.com/profile_images/1397933191344791560/ovmcd_a0_normal.jpg,http://www.facebook.com/AnushkaSharmaOfficial/,2022-05-12 10:50:46
Avril Lavigne,[@AvrilLavigne](https://twitter.com/AvrilLavigne],20665361,144,en,,Pop rock musician,http://pbs.twimg.com/profile_images/1481686795851120642/GLgT4ZXO_normal.jpg,http://avrillavigne.lnk.to/lovesux,2022-05-12 10:50:43
Leonardo DiCaprio,[@LeoDiCaprio](https://twitter.com/LeoDiCaprio],19650020,237,pt,"Los Angeles, CA",K-pop musician,http://pbs.twimg.com/profile_images/694662257586892802/mdc5ELjj_normal.jpg,,2022-05-12 13:50:42
elrubius,[@Rubiu5](https://twitter.com/Rubiu5],19071096,888,und,Skyrim,K-pop musician,http://pbs.twimg.com/profile_images/1506654000329994241/VLzVE2lS_normal.jpg,http://www.youtube.com/elrubiusOMG,2022-05-12 13:51:27
AGNEZ MO,[@agnezmo](https://twitter.com/agnezmo],17910651,1040,in,Los Angeles,Pop musician,http://pbs.twimg.com/profile_images/1488302598893363202/B1rcuXwj_normal.jpg,https://linktr.ee/agnezmo,2022-05-12 07:51:07
Ed Sheeran HQ,[@edsheeran](https://twitter.com/edsheeran],17631507,,en,London,Pop musician,http://pbs.twimg.com/profile_images/1506590955838787586/C_TaYC8r_normal.jpg,https://es.lnk.to/2step,2022-05-12 04:50:36
Anitta,[@Anitta](https://twitter.com/Anitta],16984255,766,pt,,Pop musician,http://pbs.twimg.com/profile_images/1514757302028488709/suxMlQoh_normal.jpg,https://Anitta.lnk.to/VersionsofMe,2022-05-12 10:51:23
Christina Aguilera,[@xtina](https://twitter.com/xtina],16698003,47,en,,Pop musician,http://pbs.twimg.com/profile_images/1481721941459361794/9kpqcMmL_normal.jpg,http://Xtina.lnk.to/LaFuerza,2022-05-12 00:50:33
Elissa,[@elissakh](https://twitter.com/elissakh],15784530,387,ar,beirut,Pop musician,http://pbs.twimg.com/profile_images/1521820905336414208/QbceM7es_normal.jpg,"http://www.elissalb.com,https://youtube.com/Elissa",2022-05-12 11:50:35
Nancy Ajram,[@NancyAjram](https://twitter.com/NancyAjram],15541442,159,ar,Lebanon,Pop musician,http://pbs.twimg.com/profile_images/1413789388790800390/CRaPvqp8_normal.jpg,https://bfan.link/NancyAjram-MaTetezer,2022-05-12 13:13:43
BEYONC√â,[@Beyonce](https://twitter.com/Beyonce],15447457,9,,,Pop musician,http://pbs.twimg.com/profile_images/1490488622163763203/9DSoh1oE_normal.jpg,https://beyonce.com,2022-05-12 04:50:38
Sergio Kun Aguero,[@aguerosergiokun](https://twitter.com/aguerosergiokun],15114639,146,es,"Barcelona, Espa√±a",K-pop musician,http://pbs.twimg.com/profile_images/1061753629722492929/dGtVACSP_normal.jpg,"http://sergioaguero.com,http://Stake.com,http://twitch.tv/slakun10",2022-05-12 02:50:53
Nick Jonas,[@nickjonas](https://twitter.com/nickjonas],14205605,626,en,"Los Angeles, CA",Pop musician,http://pbs.twimg.com/profile_images/1498661005273882628/mdZPG3U9_normal.jpg,http://ticketmaster.com/jonasvegas,2022-05-11 16:50:45
Enrique Iglesias,[@enriqueiglesias](https://twitter.com/enriqueiglesias],13836689,2528,,"Miami, FL",Pop musician,http://pbs.twimg.com/profile_images/1449858724282212360/zB3FugYu_normal.jpg,"https://EnriqueIglesias.lnk.to/FinalAlbumVol1,http://youtube.com/watch?v=uzPuxL",2022-05-11 05:50:45
Mark,[@markiplier](https://twitter.com/markiplier],13682807,359,en,Los Angeles,K-pop musician,http://pbs.twimg.com/profile_images/1511102924310544387/j6E29xq6_normal.jpg,https://www.youtube.com/watch?v=xAOv_zvXBQk,2022-05-08 19:50:50
Kelly Clarkson,[@kellyclarkson](https://twitter.com/kellyclarkson],12109064,144,en,TX,Pop musician,http://pbs.twimg.com/profile_images/1438570861292707842/l_RHuRXj_normal.jpg,http://kellyclarkson.com,2022-05-12 07:51:04
TRAVIS SCOTT,[@trvisXX](https://twitter.com/trvisXX],11428503,679,,,K-pop musician,http://pbs.twimg.com/profile_images/634514155261833216/czgYrPLQ_normal.jpg,https://TravisScott.lnk.to/ESCAPEPLAN_MAFIA,2022-05-12 04:50:36
Pharrell Williams,[@Pharrell](https://twitter.com/Pharrell],10657817,1104,en,,Pop musician,http://pbs.twimg.com/profile_images/1468061141796409347/mzeJC8yA_normal.jpg,https://linktr.ee/pharrell,2022-05-12 11:51:13
Luke Hemmings,[@Luke5SOS](https://twitter.com/Luke5SOS],10258414,18802,en,He/Him,Pop musician,http://pbs.twimg.com/profile_images/1417626623210258432/VK6jKCiR_normal.jpg,https://linktr.ee/lukehemmings,2022-05-07 20:51:09
michael clifford on tour,[@Michael5SOS](https://twitter.com/Michael5SOS],10160910,14129,en,he/him,Pop musician,http://pbs.twimg.com/profile_images/1303069970889281536/kKGxThQL_normal.jpg,http://twitch.tv/michaelclifford,2022-05-09 18:50:18
DUA LIPA,[@DUALIPA](https://twitter.com/DUALIPA],9437366,1173,it,LONDON,Pop musician,http://pbs.twimg.com/profile_images/1243465670454632449/Gm06laC1_normal.jpg,https://dualipa.lnk.to/SweetestPieTA,2022-05-12 12:51:17
Daniel Padilla,[@imdanielpadilla](https://twitter.com/imdanielpadilla],9194288,671,tl,,Pop musician,http://pbs.twimg.com/profile_images/897432578449326081/wzZPNmwt_normal.jpg,,2022-05-12 00:50:39
Samuel L. Jackson,[@SamuelLJackson](https://twitter.com/SamuelLJackson],8947328,863,en,,K-pop musician,http://pbs.twimg.com/profile_images/742877069793742848/c0Ec2mTU_normal.jpg,http://samuelljackson.com,2022-05-12 05:50:44
Chennai Super Kings,[@ChennaiIPL](https://twitter.com/ChennaiIPL],8640016,495,en,"Chepauk, Chennai",K-pop musician,http://pbs.twimg.com/profile_images/1474945699988979715/nuj9cPxC_normal.jpg,https://www.chennaisuperkings.com/CSK_WEB/assets/CSK2022Schedule.pdf,2022-05-12 15:11:33
G-DRAGON,[@IBGDRGN](https://twitter.com/IBGDRGN],8605670,8,,MADEINKOREA,K-pop musician,http://pbs.twimg.com/profile_images/931912095402045442/mX8k0lSG_normal.jpg,"http://ygbigbang.com/GDRAGON,http://youtube.com/officialGDRAGON,http://www.facebook.com/GDRAGON,http://WWW.PEACEMINUSONE.COM",2022-05-12 12:51:18
BLACKPINK GLOBAL BLINK,[@ygofficialblink](https://twitter.com/ygofficialblink],8113348,9,,,Pop musician,http://pbs.twimg.com/profile_images/878207363269836801/hYvfoMgn_normal.jpg,http://blackpinkofficial.com,2022-05-12 08:50:29
Lucas Olioti,[@t3ddyyyyy](https://twitter.com/t3ddyyyyy],7226018,295,pt,,K-pop musician,http://pbs.twimg.com/profile_images/1329468897708429312/Q_-vDKIS_normal.jpg,http://youtube.com/t3ddy,2022-05-05 21:50:28
Lorde,[@lorde](https://twitter.com/lorde],7188452,98,,,Pop musician,http://pbs.twimg.com/profile_images/1407863749575286784/RM37lsjW_normal.jpg,http://www.lorde.co.nz,2022-05-12 05:50:24
Baekhyun_EXO,[@B_hundred_Hyun](https://twitter.com/B_hundred_Hyun],7156776,5,ko,ÎåÄÌïúÎØºÍµ≠ ÏÑúÏö∏,K-pop musician,http://pbs.twimg.com/profile_images/1000217117600366592/mDHxq24y_normal.jpg,,2022-05-11 16:51:33
Calum Hood,[@Calum5SOS](https://twitter.com/Calum5SOS],7079141,14576,en,"Sydney, Australia",Pop musician,http://pbs.twimg.com/profile_images/1501762622051340293/G9xmOn6i_normal.jpg,https://5sos.lnk.to/CompleteMess,2022-05-12 00:50:48
Allu Arjun,[@alluarjun](https://twitter.com/alluarjun],6775865,,,·éª·é©·é¥·èã·ñá·éØ·è∞·éØ·é† ,K-pop musician,http://pbs.twimg.com/profile_images/1352477981965312000/9v6Xjvnf_normal.jpg,,2022-05-12 12:50:48
Ajinkya Rahane,[@ajinkyarahane88](https://twitter.com/ajinkyarahane88],6597803,88,en,Mumbai,K-pop musician,http://pbs.twimg.com/profile_images/1280569799068663810/m7JOU11h_normal.jpg,https://instagram.com/ajinkyarahane?igshid=k8pbi39z44fw,2022-05-12 10:50:46
Rita Ora,[@RitaOra](https://twitter.com/RitaOra],6534363,1681,en,London,Pop musician,http://pbs.twimg.com/profile_images/1446521481098403876/bVnS33ye_normal.jpg,http://bit.ly/RitaHarpersAUS,2022-05-12 11:50:45
Guns N' Roses,[@gunsnroses](https://twitter.com/gunsnroses],6361557,43,en,,K-pop musician,http://pbs.twimg.com/profile_images/1404438180305248259/2zyatkDX_normal.jpg,"http://gunsnroses.com,https://gunsnroses.lnk.to/HardSkool",2022-05-11 22:51:00
Joyce Meyer,[@JoyceMeyer](https://twitter.com/JoyceMeyer],6353410,167,en,"St. Louis, MO",K-pop musician,http://pbs.twimg.com/profile_images/1171432491711750145/Lg-6-tXx_normal.jpg,http://joycemeyer.org/LoveLife22,2022-05-11 16:50:33
Ashton Irwin,[@Ashton5SOS](https://twitter.com/Ashton5SOS],6287720,9797,en,He/Him,Pop musician,http://pbs.twimg.com/profile_images/1522888478178095106/GYb-m7OX_normal.jpg,http://www.5sos.com,2022-05-09 18:11:08
Luisana Lopilato,[@lulopilato](https://twitter.com/lulopilato],6026442,105,,"Buenos Aires, Argentina",K-pop musician,http://pbs.twimg.com/profile_images/1006140620824555520/kNEB_MQ__normal.jpg,http://www.youtube.com/LuLopilatoOficial,2022-05-12 02:50:50
Mubasher Lucman,[@mubasherlucman](https://twitter.com/mubasherlucman],5940410,13,en,Pakistan,Pop musician,http://pbs.twimg.com/profile_images/989006022688890880/jYdRH5HX_normal.jpg,http://www.lucman.tv,2022-04-30 05:13:24
Sandara Park,[@krungy21](https://twitter.com/krungy21],5878219,189,in,,K-pop musician,http://pbs.twimg.com/profile_images/1516222011747762178/T0veaN2u_normal.jpg,http://bit.ly/DARATV,2022-05-12 07:51:02
Lord Sugar,[@Lord_Sugar](https://twitter.com/Lord_Sugar],5208235,3105,en,,K-pop musician,http://pbs.twimg.com/profile_images/608268247830564864/QgTKTWN7_normal.jpg,http://instagram.com/lord_sugar/,2022-05-12 02:51:15
Yesung,[@shfly3424](https://twitter.com/shfly3424],5116289,2,,Korea,K-pop musician,http://pbs.twimg.com/profile_images/1476166072466554882/qurkf37c_normal.jpg,"http://yesung.smtown.com,https://youtu.be/SNVxS7DPADI,https://youtu.be/sH0jdWpPv7o,https://youtu.be/tXYc1_Dp6Ww,https://youtu.be/lzTAdIAneKA",2022-05-11 13:50:50
GloboNews,[@GloboNews](https://twitter.com/GloboNews],5106133,125,pt,Brasil,K-pop musician,http://pbs.twimg.com/profile_images/1459484193910624260/jd8_KII-_normal.png,http://g1.com.br/globonews,2022-05-12 10:50:27
FAKTA WOW & BERITA INDONESIA,[@WOWFAKTA](https://twitter.com/WOWFAKTA],5043176,10,,TwitterLand Indonesia,K-pop musician,http://pbs.twimg.com/profile_images/1427795589907972098/vt7oZsw1_normal.jpg,https://linktr.ee/wowfakta,2022-05-10 18:51:11
Nicole Scherzinger,[@NicoleScherzy](https://twitter.com/NicoleScherzy],5042856,341,en,"Los Angeles, CA",Pop musician,http://pbs.twimg.com/profile_images/1300549689058578432/28u7QxYl_normal.jpg,https://pussycatdolls.lnk.to/React,2022-05-12 07:51:10
T.D. Jakes,[@BishopJakes](https://twitter.com/BishopJakes],4582126,225,en,"Dallas, Texas",K-pop musician,http://pbs.twimg.com/profile_images/1125934024365621248/mISMxKbU_normal.jpg,https://solo.to/bishopjakes,2022-05-12 09:50:57
Janet Jackson,[@JanetJackson](https://twitter.com/JanetJackson],3972282,90,en,Los Angeles,Pop musician,http://pbs.twimg.com/profile_images/1226895839433576450/oGBTkdLU_normal.jpg,https://ffm.bio/janetjackson,2022-05-11 16:11:44
Wendy‚Äôs,[@Wendys](https://twitter.com/Wendys],3896430,444,en,,K-pop musician,http://pbs.twimg.com/profile_images/1517170584953798656/vX2FTrOk_normal.jpg,https://discord.gg/wendys,2022-05-11 18:50:49
Keshav Prasad Maurya,[@kpmaurya1](https://twitter.com/kpmaurya1],3861334,267,hi,"‡§≤‡§ñ‡§®‡§ä, ‡§≠‡§æ‡§∞‡§§",Pop musician,http://pbs.twimg.com/profile_images/1118360352662720514/edHwtXK-_normal.png,http://www.keshavprasadmaurya.com,2022-05-12 01:12:21
Lay Zhang,[@layzhang](https://twitter.com/layzhang],3747633,14,en,,K-pop musician and actor,http://pbs.twimg.com/profile_images/1012929335664173056/Xv5dX8-I_normal.jpg,https://orcd.co/lay_jiu,2022-05-11 16:51:33
Prof Yemi Osinbajo,[@ProfOsinbajo](https://twitter.com/ProfOsinbajo],3713117,54,en,,K-pop musician,http://pbs.twimg.com/profile_images/1160567667574677505/VcYeM9xh_normal.jpg,http://www.yemiosinbajo.ng,2022-05-11 16:50:21
Felix Siauw,[@felixsiauw](https://twitter.com/felixsiauw],3370967,242,,member of @alfatihstudios,K-pop musician,http://pbs.twimg.com/profile_images/460055860752814080/Eq8gOJvi_normal.jpeg,http://www.felixsiauw.com,2022-05-12 12:50:34
Charlie Puth,[@charlieputh](https://twitter.com/charlieputh],3328090,1600,en,,Pop musician,http://pbs.twimg.com/profile_images/1484912807363579907/N4fSfmT__normal.jpg,http://charlieputh.lnk.to/ThatsHilarious,2022-05-11 16:50:52
Senator Dino Melaye. (SDM),[@dino_melaye](https://twitter.com/dino_melaye],3203861,1,,Abuja,K-pop musician,http://pbs.twimg.com/profile_images/1483957593517273089/dTO1GLzl_normal.jpg,http://www.senatordinomelaye.com,2022-04-22 12:51:12
taehyung pics‚ö°Ô∏è,[@taehyungpic](https://twitter.com/taehyungpic],2976594,29,,130613 ,K-pop musician,http://pbs.twimg.com/profile_images/1510456828601462790/JgnHuVRR_normal.jpg,"https://www.twitter.com/EHEHvocal,https://instagram.com/thv",2022-05-11 22:50:58
JUJUTSU KAISEN,[@Jujutsu_Kaisen_](https://twitter.com/Jujutsu_Kaisen_],2808930,23,en,,K-pop musician,http://pbs.twimg.com/profile_images/1305610142319173632/eX2eFuU0_normal.jpg,http://got.cr/jujutsu-kaisen-tw,2022-05-06 03:50:27
Madonna,[@Madonna](https://twitter.com/Madonna],2765136,54,en,,Pop musician,http://pbs.twimg.com/profile_images/1507182617195601921/aikHGv7A_normal.jpg,http://linktr.ee/madonna,2022-05-11 19:50:41
Ally Brooke,[@AllyBrooke](https://twitter.com/AllyBrooke],2729971,8118,en,"Los Angeles, CA",Pop musician,http://pbs.twimg.com/profile_images/1507056101472174081/-3Z67CrT_normal.jpg,https://open.spotify.com/album/6trCxrKOwHCax3lOcRB2dg?si=awgaSJOKR2a3Bv2pYN3hNA,2022-05-12 12:50:25
Gwen Stefani,[@gwenstefani](https://twitter.com/gwenstefani],2708182,1100,en,,Pop musician,http://pbs.twimg.com/profile_images/1479248866558021636/SYFqSvpc_normal.jpg,https://linktr.ee/gwenstefani,2022-05-11 10:50:59
Bobby Flay,[@bflay](https://twitter.com/bflay],2618281,338,,New York City,K-pop musician,http://pbs.twimg.com/profile_images/442966957214932992/UqbHZE72_normal.jpeg,http://bobbyflay.com,2022-05-08 17:50:37
NATTI NATASHA üë∏üèª,[@NattiNatasha](https://twitter.com/NattiNatasha],2548691,559,es,Worldwide ,Pop and reggaeton musician,http://pbs.twimg.com/profile_images/1510107382432604166/RP-G3fHA_normal.jpg,https://NattiNat.lnk.to/WOWBB,2022-05-11 13:51:17
Michael Jackson,[@michaeljackson](https://twitter.com/michaeljackson],2342169,,en,"New York, NY USA",Pop musician,http://pbs.twimg.com/profile_images/556179314660478976/l_MadSiU_normal.jpeg,http://www.michaeljackson.com,2022-05-12 10:50:35
ADAM LAMBERT,[@adamlambert](https://twitter.com/adamlambert],2326448,1373,en,West Hollywood & WORLDWIDE,Pop musician,http://pbs.twimg.com/profile_images/1492669464541896706/Hb1izS6O_normal.jpg,"https://adamlambert.net,http://www.adamlambert.net,https://vm.tiktok.com/ZM8TR7wfu/",2022-05-12 07:50:43
Kylie Minogue,[@kylieminogue](https://twitter.com/kylieminogue],2198391,129,en,Global,Pop musician,http://pbs.twimg.com/profile_images/1445291004114919426/LlQrwOcT_normal.jpg,https://Kylie.lnk.to/InfiniteDiscoTW,2022-05-12 05:50:48
Fernando Del Solar,[@Fer_DelSolar](https://twitter.com/Fer_DelSolar],2184936,489,,M√©xico,K-pop musician,http://pbs.twimg.com/profile_images/1092993927014100993/ZqDSEH05_normal.jpg,"http://www.facebook.com/FernandodelSolarOficial,https://www.instagram.com/fernandodelsolar/",2022-05-11 06:50:40
James Arthur,[@JamesArthur23](https://twitter.com/JamesArthur23],2085398,53295,en,London/Redcar,Pop musician,http://pbs.twimg.com/profile_images/1459169407498866694/7In82S1p_normal.jpg,https://jamesarthur.lnk.to/itllallmakesenseintheend,2022-05-11 12:50:35
Bebe Rexha,[@BebeRexha](https://twitter.com/BebeRexha],2085154,3511,es,"New York, NY",Pop musician,http://pbs.twimg.com/profile_images/1410690025478496256/YmFQ2CyK_normal.jpg,http://BebeRexha.lnk.to/BetterMistakes,2022-05-12 01:11:04
jimin pics,[@parkjiminpics](https://twitter.com/parkjiminpics],2081028,78,,2 admins ,K-pop musician,http://pbs.twimg.com/profile_images/1517909269563142144/qP7EOu0C_normal.jpg,http://jiminlinks.carrd.co,2022-05-10 22:51:05
jungkook pics,[@kookpiics](https://twitter.com/kookpiics],2024464,95,,September's first miracle ‚ú®,K-pop musician,http://pbs.twimg.com/profile_images/1519036741897928710/cMH1hZGX_normal.jpg,https://open.spotify.com/album/6nvSZLAsbg56fGSCVm8fL9?si=fqn0UwVGSFu27Xo0MsxtMQ,2022-05-11 16:51:33
REAL JUNHO LEE,[@dlwnsghek](https://twitter.com/dlwnsghek],2003387,17,,anywhere you want,K-pop musician,http://pbs.twimg.com/profile_images/1511389830357610497/VYzrH869_normal.jpg,https://www.youtube.com/channel/UCowTHOjp47dzNxR8cz83LGA,2022-05-12 08:50:56
blackbear,[@iamblackbear](https://twitter.com/iamblackbear],1977971,1488,und,,Pop musician,http://pbs.twimg.com/profile_images/1520370657669824512/zkSR9iWY_normal.jpg,,2022-05-11 20:51:00
Johnny Manziel,[@JManziel2](https://twitter.com/JManziel2],1937918,1744,,,K-pop musician,http://pbs.twimg.com/profile_images/1499672797357899782/zTBIMIXl_normal.jpg,,2022-05-12 09:50:34
Yuri,[@OficialYuri](https://twitter.com/OficialYuri],1856082,169,es,Mexico DF,K-pop musician,http://pbs.twimg.com/profile_images/1485685937208242197/I5wueV66_normal.jpg,http://www.yurioficial.com/,2022-05-11 10:50:29
ChoKyuHyun,[@GaemGyu](https://twitter.com/GaemGyu],1825353,41,,ÎåÄÌïúÎØºÍµ≠ ÏÑúÏö∏,K-pop musician,http://pbs.twimg.com/profile_images/851527475687444480/YXAryX0y_normal.jpg,,2022-05-10 06:50:19
Laura Marano,[@lauramarano](https://twitter.com/lauramarano],1813888,1004,en,In Lavania,Pop musician and actor,http://pbs.twimg.com/profile_images/1499850643309088770/RaB-ZLSh_normal.jpg,https://linktr.ee/OfficialLauraMarano,2022-05-12 08:50:42
Olivia Rodrigo,[@oliviarodrigo](https://twitter.com/oliviarodrigo],1796145,,en,,Pop musician and actor,http://pbs.twimg.com/profile_images/1395782303301783558/DbmpQnAI_normal.jpg,https://www.oliviarodrigo.com/or,2022-05-12 13:51:38
Dele Momodu Ovation,[@DeleMomodu](https://twitter.com/DeleMomodu],1725288,29404,en,,K-pop musician,http://pbs.twimg.com/profile_images/1487364048492666880/SRXmae7Q_normal.jpg,http://www.ovationinternational.com,2022-05-12 11:51:09
JUN. K,[@Jun2daKAY](https://twitter.com/Jun2daKAY],1551972,87,,‚ù§,K-pop musician,http://pbs.twimg.com/profile_images/1371702868655304704/sm-i2hW5_normal.jpg,http://instagram.com/jun2dakay,2022-05-12 08:50:56
‰∏âÂ¥éÂÑ™Â§™(Yuta Misaki) ÈùíÊ±ÅÁéãÂ≠ê,[@misakism13](https://twitter.com/misakism13],1417795,68,ja,5/10 22ÊôÇ45ÂàÜ(15ÂàÜÂ§âÊõ¥) YouTubeLive,K-pop musician,http://pbs.twimg.com/profile_images/1463075024144072704/tdthjyUW_normal.jpg,"https://www.youtube.com/channel/UCJFzpJDW1yyaCBUZxmAz-3g,https://www.instagram.com/yuta_misaki/",2022-05-12 02:50:42
ÊòüÈáéÊ∫ê Gen Hoshino,[@gen_senden](https://twitter.com/gen_senden],1407185,,ja,,K-pop musician,http://pbs.twimg.com/profile_images/1511267398061801473/3fsUwTlZ_normal.jpg,"http://hoshinogen.com,http://instagram.com/iamgenhoshino/",2022-05-12 13:50:24
JenniePanhan,[@JenniePanhan](https://twitter.com/JenniePanhan],1203562,230,,,K-pop musician,http://pbs.twimg.com/profile_images/1160995157715480576/jx19EvpH_normal.jpg,https://www.youtube.com/channel/UCTN2Ze0wCbZtBsrKwlddbWA,2022-05-12 05:50:46
Lauv,[@lauvsongs](https://twitter.com/lauvsongs],1191988,843,en,,Pop musician,http://pbs.twimg.com/profile_images/1512240222205054979/-Xl3Ci8f_normal.jpg,https://lauv.lnk.to/all4nothing,2022-05-11 21:50:36
Jojo Todynho üí•,[@jojotodynhoofc](https://twitter.com/jojotodynhoofc],1149879,528,pt,Brasil,Pop musician,http://pbs.twimg.com/profile_images/1336510981896331267/JeNQC9fg_normal.jpg,https://fpt.fm/app/32775/faixa-rosa,2022-05-12 07:51:10
Vernon Kay,[@vernonkay](https://twitter.com/vernonkay],1148822,3384,,UK,K-pop musician,http://pbs.twimg.com/profile_images/663494897404612608/XQ5qPcuP_normal.jpg,,2022-05-12 12:50:33
Elton John,[@eltonofficial](https://twitter.com/eltonofficial],1107955,23,en,"London, UK",Pop musician,http://pbs.twimg.com/profile_images/956225427135221765/oEPnGrkJ_normal.jpg,http://eltonjohn.komi.io,2022-05-12 13:51:11
Celine Dion,[@celinedion](https://twitter.com/celinedion],923330,99,fr,,Pop musician,http://pbs.twimg.com/profile_images/1174291945390317568/aDsVwPW8_normal.jpg,https://boutique.celinedion.com/,2022-05-12 09:50:58
Jonah Marais,[@JonahMarais](https://twitter.com/JonahMarais],889632,12859,en,"Los Angeles, CA",Pop musician,http://pbs.twimg.com/profile_images/1518937434574270465/9yYCTvle_normal.jpg,https://WhyDontWe.lnk.to/LetMeDownEasyTA,2022-05-05 17:51:01
WONHO Official,[@official__wonho](https://twitter.com/official__wonho],875905,2,in,,K-pop musician,http://pbs.twimg.com/profile_images/1485084931529506817/W6EMItsl_normal.jpg,https://wonho.lnk.to/bio,2022-05-12 13:11:51
Bang Channel,[@BANGCHANNEL](https://twitter.com/BANGCHANNEL],763198,6,,,K-pop musician,http://pbs.twimg.com/profile_images/3159483828/5158264420deb09db834e36be6515717_normal.png,http://www.bangchannel.com,2022-04-14 17:48:51
Serebii.net,[@SerebiiNet](https://twitter.com/SerebiiNet],697496,3,en,Earth,K-pop musician,http://pbs.twimg.com/profile_images/701075499238473728/o7zfQqHy_normal.png,"http://www.serebii.net/,http://Serebii.net",2022-05-12 12:12:19
VIXX_HYUK,[@HSangHyuk](https://twitter.com/HSangHyuk],642321,16,ko,Î≥ÑÎπõÎßàÏùåÏÜç,K-pop musician,http://pbs.twimg.com/profile_images/848506970189447174/S4N30Iws_normal.jpg,,2022-05-11 21:50:41
Irene Montero,[@IreneMontero](https://twitter.com/IreneMontero],642275,2089,es,Madrid,K-pop musician,http://pbs.twimg.com/profile_images/1463207464959160321/gqm3QEfP_normal.jpg,,2022-05-12 11:50:40
FINNEAS,[@finneas](https://twitter.com/finneas],584966,446,en,,Indie pop musician,http://pbs.twimg.com/profile_images/1507196915158462494/5fhCv0cw_normal.jpg,https://finneas.lnk.to/Naked,2022-05-12 04:50:54
Alanis Morissette,[@Alanis](https://twitter.com/Alanis],561378,280,en,"Los Angeles, CA",Pop rock musician,http://pbs.twimg.com/profile_images/1230726325687607299/u_GzWBFt_normal.jpg,https://beacons.page/alanismorissette,2022-05-12 11:50:45
Ariana Grande Today,[@ArianaToday](https://twitter.com/ArianaToday],540842,237,,Since 2013,Pop musician,http://pbs.twimg.com/profile_images/1504646736157061212/2zODveNr_normal.jpg,,2022-05-04 12:50:55
