name,screen_name,followers_count,friends_count,lang,location,occupation,profile_image_url,url,updated_at
Cristiano Ronaldo,Cristiano,100121453,60,en,,Soccer player,http://pbs.twimg.com/profile_images/1157313327867092993/a09TxL_1_normal.jpg,"http://www.facebook.com/cristiano,http://www.cristianoronaldo.com/terms",2022-05-12 10:50:37
Neymar Jr,neymarjr,56758843,627,pt,"Paris, France",Soccer player,http://pbs.twimg.com/profile_images/1484231681112522757/KFpadhNu_normal.jpg,http://www.neymarjr.com,2022-05-12 13:50:26
Mesut √ñzil,MesutOzil1088,26247486,172,de,"Turkey, Istanbul",Soccer player,http://pbs.twimg.com/profile_images/1448899313111818240/cUYzEMoW_normal.jpg,https://www.m10streetwear.com/,2022-05-12 13:51:23
Andr√©s Iniesta,andresiniesta8,25317838,117,ja,,Soccer player,http://pbs.twimg.com/profile_images/1514902757131448325/iC2caCtz_normal.jpg,,2022-05-12 05:50:55
Ronaldinho Ga√∫cho,10Ronaldinho,20715643,143,pt,"Rio de Janeiro, Brasil",Soccer player,http://pbs.twimg.com/profile_images/1509267865932898312/lPNCBZQg_normal.jpg,https://launchpad.p00ls.io/ron,2022-05-12 03:51:01
Sergio Ramos,SergioRamos,19149606,738,,"Madrid, Spain",Soccer player,http://pbs.twimg.com/profile_images/1511361408813969410/PblZYZsj_normal.jpg,http://www.instagram.com/sergioramos,2022-05-12 13:51:21
Gareth Bale,GarethBale11,18862515,139,en,,Soccer player,http://pbs.twimg.com/profile_images/1405290638728335362/nWNAv9gu_normal.jpg,"http://www.facebook.com/Bale,http://Instagram.com/garethbale11",2022-05-11 11:50:53
Wayne Rooney,WayneRooney,17246391,537,en,,Soccer player,http://pbs.twimg.com/profile_images/1457742713479213078/HyAwJFs6_normal.jpg,"http://www.officialwaynerooney.com,http://instagram.com/WayneRooney",2022-05-12 04:50:36
Luis Suarez,LuisSuarez9,17091854,93,es,Spain,Soccer player,http://pbs.twimg.com/profile_images/1317175422304571393/tLss6h3j_normal.jpg,http://www.complejosuarez.com,2022-05-12 10:50:41
Mohamed Salah,MoSalah,16300026,151,ar,"Liverpool, England",Soccer player,http://pbs.twimg.com/profile_images/1413262723312402432/vYWQ8LL8_normal.jpg,,2022-05-12 11:50:35
Karim Benzema,Benzema,15408823,91,es,,Soccer player,http://pbs.twimg.com/profile_images/1401562839614210052/yo9BeNMD_normal.jpg,,2022-05-11 16:51:00
David de Gea,D_DeGea,13892884,243,en,,Soccer player,http://pbs.twimg.com/profile_images/1471229198111055878/qTo-1fDL_normal.jpg,http://daviddegea.com,2022-05-12 04:50:36
Paul Pogba,paulpogba,10098898,15,en,,Soccer player,http://pbs.twimg.com/profile_images/1018575803053899776/Xf2KmKQg_normal.jpg,http://cryptodragons.com/,2022-05-11 16:51:00
Toni Kroos,ToniKroos,10079592,177,de,"Madrid, Spanien",Soccer player,http://pbs.twimg.com/profile_images/1144875187508338688/0MtdI4-f_normal.jpg,http://toni-kroos.com,2022-05-11 13:51:07
Cesc F√†bregas Soler,cesc4official,10021111,403,en,London,Soccer player,http://pbs.twimg.com/profile_images/1187469118812938240/U7QFmiV-_normal.jpg,http://www.cescfabregas.com,2022-05-12 03:50:24
Antoine Griezmann,AntoGriezmann,8361344,54,fr,,Soccer player,http://pbs.twimg.com/profile_images/1435625193603489797/QqDnuy2v_normal.jpg,https://www.facebook.com/antogriezmann,2022-05-11 22:50:24
Zlatan Ibrahimoviƒá,Ibra_official,8094169,8,en,,Soccer player,http://pbs.twimg.com/profile_images/1496109674147500038/aI2j5as8_normal.jpg,http://adlibr.is/adrenalina,2022-05-12 10:50:41
Kylian Mbapp√©,KMbappe,7877349,107,und,"Paris, France",Soccer player,http://pbs.twimg.com/profile_images/1456279146288619522/qdrDtPeH_normal.jpg,http://Instagram.com/k.mbappe,2022-05-12 11:51:02
Eden Hazard,hazardeden10,7222661,194,,,Soccer player,http://pbs.twimg.com/profile_images/1423723082339033096/inTD_FY1_normal.jpg,,2022-05-10 16:51:01
Marcus Rashford MBE,MarcusRashford,5505159,88,en,,Soccer player,http://pbs.twimg.com/profile_images/1257623233995714560/Sbbpku2f_normal.jpg,https://lnk.to/BreakfastClubAdventures,2022-05-12 02:51:15
Chino y Nacho,ChinoyNacho,4519540,190,,,Soccer player,http://pbs.twimg.com/profile_images/1340404730158309383/rfCmUw3D_normal.jpg,"https://open.spotify.com/playlist/20SSqsCWj5rDBPIHZm8oSm?si=AfOte468Q5eyjmN785QdxA,https://youtu.be/jtrktn1LVjc",2022-05-11 05:50:30
Thiago Alcantara,Thiago6,4231184,173,en,"Liverpool, England",Soccer player,http://pbs.twimg.com/profile_images/1069931444531793921/GUFAdHRN_normal.jpg,,2022-05-11 21:51:13
Alex Morgan,alexmorgan13,3846998,506,en,,Soccer player,http://pbs.twimg.com/profile_images/1116860131571052544/_j5IzTrj_normal.jpg,http://AlexMorganSoccer.com,2022-05-12 11:50:52
Fernando Torres,Torres,3636612,212,en,,Soccer player,http://pbs.twimg.com/profile_images/1210882991364423681/Pxky170e_normal.jpg,"http://www.fernando9torres.com/,https://Instagram.com/fernandotorres,https://www.facebook.com/Torres",2022-05-11 18:50:52
Harry Kane,HKane,3584158,229,en,London,Soccer player,http://pbs.twimg.com/profile_images/1437423171578236933/nRq0JTH3_normal.jpg,http://www.ck66.co.uk,2022-05-12 02:51:15
Mario Balotelli,FinallyMario,3525723,64,,,Soccer player,http://pbs.twimg.com/profile_images/1176051613041082369/vL1scR-c_normal.jpg,,2022-05-12 03:50:24
Riyad Mahrez,Mahrez22,3346232,100,,"Manchester, England",Soccer player,http://pbs.twimg.com/profile_images/1501694656685486082/TGscLa-P_normal.jpg,https://www.instagram.com/riyadmahrez26.7,2022-05-10 10:50:13
Kevin De Bruyne,DeBruyneKev,3303899,300,en,,Soccer player,http://pbs.twimg.com/profile_images/1511458046895136774/IeyYTxsB_normal.jpg,,2022-05-12 05:50:38
Aaron Ramsey,aaronramsey,3257081,102,en,,Soccer player,http://pbs.twimg.com/profile_images/1150668647934910464/gdOjdKoX_normal.jpg,http://www.aaronramseyofficial.com,2022-05-11 11:50:53
Raheem Sterling,sterling7,3102377,365,en,"Manchester, England",Soccer player,http://pbs.twimg.com/profile_images/1471887801855655947/Pgec7fel_normal.jpg,,2022-05-11 00:51:05
Virgil van Dijk,VirgilvDijk,2917195,255,en,,Soccer player,http://pbs.twimg.com/profile_images/1485018147233181700/RiOqjYwT_normal.jpg,,2022-05-12 08:51:01
Bruno Fernandes,B_Fernandes8,2864248,44,en,"Manchester, England",Soccer player,http://pbs.twimg.com/profile_images/1421602708772081668/vlWOX6iN_normal.jpg,,2022-05-11 19:11:41
C√©sar Azpilicueta,CesarAzpi,2684844,246,,London,Soccer player,http://pbs.twimg.com/profile_images/1469385994336149507/JpPqx0r4_normal.jpg,"http://www.cesarazpi.com,http://Instagram.com/cesarazpi/",2022-05-12 04:51:06
Giorgio Chiellini,chiellini,2611773,254,it,Torino,Soccer player,http://pbs.twimg.com/profile_images/1400729277100920833/ROmyqLIA_normal.jpg,,2022-05-12 03:50:24
J√©r√¥me Boateng,JeromeBoateng,2546211,133,en,Munich,Soccer player,http://pbs.twimg.com/profile_images/1408076777696731140/xeCfwkh0_normal.jpg,"http://jeromeboateng.com,http://instagram.com/jeromeboateng",2022-05-10 09:50:54
Luka Modriƒá,lukamodric10,2502795,5,en,,Soccer player,http://pbs.twimg.com/profile_images/1501988258078674950/_5xMT_RA_normal.jpg,,2022-05-12 02:50:50
Jordi Alba,JordiAlba,2462759,270,,"Barcelona, Spain",Soccer player,http://pbs.twimg.com/profile_images/951404302509199360/ew_KBsrw_normal.jpg,https://www.jordialba.com/,2022-05-12 10:50:41
Anthony Martial,AnthonyMartial,2461931,60,,,Soccer player,http://pbs.twimg.com/profile_images/961161109578440704/o5Cxbpo6_normal.jpg,http://www.anthonymartial-official.com,2022-05-11 13:51:07
Memphis Depay,Memphis,2343707,53,en,Worldwide,Soccer player,http://pbs.twimg.com/profile_images/1523716576175869952/WqfTT12-_normal.jpg,http://www.memphisdepay.com,2022-05-12 07:11:11
Paulo Dybala,PauDybala_JR,2237875,215,,,Soccer player,http://pbs.twimg.com/profile_images/1268940360513916929/cDsCB7Mx_normal.jpg,,2022-05-11 23:50:32
Trent Alexander-Arnold,TrentAA,2191623,95,en,,Soccer player,http://pbs.twimg.com/profile_images/1460138366058565642/jM3bc8GW_normal.jpg,,2022-05-12 05:50:48
Robert Lewandowski,lewy_official,2011905,55,en,,Soccer player,http://pbs.twimg.com/profile_images/1437890233417220101/FAlresZr_normal.jpg,,2022-05-11 19:51:10
Fernandinho,fernandinho_br,1967529,,,Brasil,Soccer player,http://pbs.twimg.com/profile_images/1501625907890561029/I1tFy6Zb_normal.jpg,"http://www.fazchover.com.br,http://linktr.ee/ministeriofern",2022-05-09 11:50:48
Harry Maguire,HarryMaguire93,1887466,301,,"England, United Kingdom",Soccer player,http://pbs.twimg.com/profile_images/1436267922398326785/zyarc71a_normal.jpg,,2022-05-12 08:50:58
Felipe Melo,_felipemelo_,1886665,89,pt,"Rio de Janeiro, Brasil",,http://pbs.twimg.com/profile_images/1471423619200868358/Pc1Dep4m_normal.jpg,https://m.youtube.com/channel/UCwDjd2k53IvQoeigPkuUgyw,2022-05-11 18:50:38
Leroy San√©,leroy_sane,1861116,48,de,"M√ºnchen, Bayern",Soccer player,http://pbs.twimg.com/profile_images/1497292588126289921/srT2CXKK_normal.jpg,,2022-05-11 00:51:05
James Milner,JamesMilner,1748792,75,en,"Liverpool, England",Soccer player,http://pbs.twimg.com/profile_images/1286227359276904448/ZY7zfWo6_normal.jpg,"http://www.justgiving.com/50JMF,https://amzn.to/2oMiCcP,https://amzn.to/2LTURbF",2022-05-11 19:51:10
Erling Haaland,ErlingHaaland,1743123,7,,,Soccer player,http://pbs.twimg.com/profile_images/1495507622405058571/yi2v-x0g_normal.jpg,,2022-05-12 08:50:18
Sunil Chhetri,chetrisunil11,1712248,132,,,Soccer player,http://pbs.twimg.com/profile_images/1301447661770305536/PXBUCG8O_normal.jpg,,2022-05-11 19:51:15
Jordan Henderson,JHenderson,1681650,215,und,,Soccer player,http://pbs.twimg.com/profile_images/1425072918774550534/HdTPb6EA_normal.jpg,http://cybersmile.org,2022-05-09 09:50:41
Jadon Sancho,Sanchooo10,1678899,32,en,,Soccer player,http://pbs.twimg.com/profile_images/1419013846111559685/TAPu_PgH_normal.jpg,,2022-05-11 16:50:28
Alexandre Lacazette,LacazetteAlex,1576461,143,,,Soccer player,http://pbs.twimg.com/profile_images/1160181358179901445/4OKt9InA_normal.jpg,http://www.facebook.com/pages/Alexandre-Lacazette-Officiel/148896685161786,2022-05-11 16:51:04
Baf√©timbi Gomis,BafGomis,1567340,324,und,"Istanbul, Turquie",Soccer player,http://pbs.twimg.com/profile_images/1488895657867894784/gDIVyrJ0_normal.jpg,http://www.facebook.com/bafetimbigomisofficiel,2022-05-12 07:50:25
Benjamin Mendy,benmendy23,1461116,479,,"Manchester, England",Soccer player,http://pbs.twimg.com/profile_images/1422680287574642692/dvf6Jl8v_normal.jpg,http://www.sportcover.co,2022-05-11 00:51:05
Henrikh Mkhitaryan,HenrikhMkh,1451525,94,,"Rome, Italy",Soccer player,http://pbs.twimg.com/profile_images/1246511540645367811/H1gnE4kv_normal.jpg,,2022-05-09 12:50:45
Mason Mount,masonmount_10,1446857,159,en,"London, England",Soccer player,http://pbs.twimg.com/profile_images/1424802207828951048/vf__SuZ__normal.jpg,https://www.instagram.com/masonmount,2022-05-12 08:50:58
Ilkay G√ºndogan,IlkayGuendogan,1362624,119,de,"Manchester, England",Soccer player,http://pbs.twimg.com/profile_images/1086701730161664001/Cl2Lf6Ya_normal.jpg,http://www.ilkay-guendogan.com,2022-05-11 00:51:05
Antonio R√ºdiger,ToniRuediger,1231985,77,en,"London, England",Soccer player,http://pbs.twimg.com/profile_images/1399015812250406912/jjWBZJJ9_normal.jpg,http://www.antonio-ruediger.com,2022-05-12 08:50:18
Xherdan Shaqiri,XS_11official,1151293,118,und,,Soccer player,http://pbs.twimg.com/profile_images/961662486436032514/y-5YmWSG_normal.jpg,http://www.xherdanshaqiri.com,2022-05-12 04:51:01
Kai Havertz,kaihavertz29,1134444,38,en,,Soccer player,http://pbs.twimg.com/profile_images/1402011849479102472/ogZ5SV0t_normal.jpg,,2022-05-09 09:50:41
Fabinho,_fabinhotavares,1120320,66,en,Liverpool,Soccer player,http://pbs.twimg.com/profile_images/1321069738357891072/vEfK5wnG_normal.jpg,https://www.instagram.com/fabinho/,2022-05-08 22:51:14
Thiago Silva,tsilva3,1097971,319,en,"London, England",Soccer player,http://pbs.twimg.com/profile_images/1299361522787864582/5CAtSZzI_normal.jpg,http://bit.ly/Facebook-ThiagoSilva,2022-05-11 11:50:46
Pedri Gonz√°lez,Pedri,1078496,11,es,"Barcelona, Espa√±a",Soccer player,http://pbs.twimg.com/profile_images/1427019329967693829/02g38KMO_normal.jpg,,2022-05-12 04:51:01
ASAMOAH GYAN,ASAMOAH_GYAN3,1006799,304,en,,Soccer player,http://pbs.twimg.com/profile_images/1216343525886853121/QOnWS329_normal.jpg,https://legyandary.com/index.php/cartflows_step/legyandary/,2022-05-08 17:50:44
Jack Grealish,JackGrealish,976187,288,en,,Soccer player,http://pbs.twimg.com/profile_images/1423622080206098438/MY5nyg9e_normal.jpg,http://instagram.com/jackgrealish,2022-05-12 02:51:15
Megan Rapinoe,mPinoe,925347,629,en,Seattle ,Soccer player,http://pbs.twimg.com/profile_images/1347628241864056835/XaY_C7YA_normal.jpg,http://meganrapinoe.com,2022-05-12 13:50:37
Jamie Vardy,vardy7,904947,392,,,Soccer player,http://pbs.twimg.com/profile_images/1119657163889303552/I1x9Jsdq_normal.jpg,http://bit.ly/JVardyBook,2022-05-06 06:50:52
Phil Foden,PhilFoden,883416,151,,"Manchester, England",Soccer player,http://pbs.twimg.com/profile_images/1468581004776513541/qDG8qMa9_normal.jpg,http://www.philfodenofficial.com,2022-05-12 07:51:15
Donny van de Beek,Donny_beek6,868604,158,en,"Manchester, England",Soccer player,http://pbs.twimg.com/profile_images/1488950966430937090/EhtsDij2_normal.jpg,http://playersunited.com,2022-05-10 17:50:45
Luis Enrique,LuisEnrique,820646,474,,"Miami, FL",Soccer player,http://pbs.twimg.com/profile_images/1294993620014178304/kTT0BmMX_normal.jpg,"https://luisenrique-music.com/,http://luisenrique-music.com/contacto/",2022-05-07 08:50:18
carlos valdes,carlosvaldes5,811644,359,es,colombia,,http://pbs.twimg.com/profile_images/476828152225071104/cCRzdiCP_normal.jpeg,https://instagram.com/carlosvaldes5?r=nametag,2022-05-10 11:50:37
Christian Pulisic,cpulisic_10,729989,336,,,Soccer player,http://pbs.twimg.com/profile_images/1511457717281607680/SuAprf1T_normal.jpg,,2022-05-11 19:50:45
Timo Werner,TimoWerner,628720,,,,Soccer player,http://pbs.twimg.com/profile_images/1182715374204264449/1FEOTKLA_normal.jpg,http://www.timo-werner.com,2022-04-30 12:51:00
Andr√© Ayew,AyewAndre,606209,74,en,Doha,,http://pbs.twimg.com/profile_images/1160664567950786560/0mW-dgXG_normal.jpg,http://www.andreayew.net,2022-05-11 08:50:44
Tobin Heath,TobinHeath,509021,134,,,Soccer player,http://pbs.twimg.com/profile_images/960931796731936768/BwqWhzxS_normal.jpg,,2022-05-10 17:50:59
Ashlyn Harris,Ashlyn_Harris,493512,281,,"Orlando, FL",,http://pbs.twimg.com/profile_images/1262913900221272065/JxaUaQTK_normal.jpg,,2022-05-09 19:51:08
Jesse Torres,jstorres,408635,103947,,"Manhattan Beach, CA",,http://pbs.twimg.com/profile_images/1360696802752663553/O9aW10Ge_normal.jpg,"http://BOLDFACEGear.com,http://Entrepreneur.com",2022-05-12 10:50:54
Juan Manuel Iturbe,Juan_iturbe93,401711,494,,"Tesal√≥nica, Grecia",,http://pbs.twimg.com/profile_images/1460984860806467591/AWU3F1NA_normal.jpg,http://www.facebook.com/iturbejuanmanuel,2022-05-10 06:50:34
Mix Diskerud,MixDiskerud,349545,364,,,,http://pbs.twimg.com/profile_images/641465156703268864/1QsNsF4I_normal.jpg,http://mixlids.com,2022-04-30 21:50:52
Chris Wondolowski,ChrisWondo,322599,151,,California,,http://pbs.twimg.com/profile_images/1222597447215669250/424jgGRp_normal.jpg,,2022-05-07 16:50:33
Petkovic Oficial,Petkovic10,318325,212,,Brasil,,http://pbs.twimg.com/profile_images/959159923627188228/qd2JahyH_normal.jpg,http://www.pressmf.global,2022-05-10 19:51:00
ÿπÿ®ÿØÿßŸÑŸÑŸá ÿπÿ∑ŸäŸÅ,Otayfff8,300598,51,,Riyadh,,http://pbs.twimg.com/profile_images/1077453064766922752/otXw-OLo_normal.jpg,https://www.snapchat.com/add/otayfs,2022-05-12 07:50:25
Dianna Russini,diannaESPN,266031,1197,en,New Jersey and every NFL city,,http://pbs.twimg.com/profile_images/1494385086271217664/DnvdTkck_normal.jpg,"https://www.instagram.com/diannaespn/,http://thediary.bulletin.com",2022-05-10 09:50:28
Alejandro Bedoya,AleBedoya17,229410,471,,Philadelphia/Miami/All Over,,http://pbs.twimg.com/profile_images/1174784160126423051/-lmXBggw_normal.jpg,http://athliance.co,2022-05-11 01:50:40
Leon Balogun,LeonBalogun,187632,310,,,,http://pbs.twimg.com/profile_images/1326845462339522560/sj57rluO_normal.jpg,,2022-05-12 09:50:57
Oguchi Onyewu,OguchiOnyewu5,182294,433,,,,http://pbs.twimg.com/profile_images/785136753/_42391203_onyewu203_normal.jpg,http://www.onyxelite.com,2022-05-09 20:51:07
Juan Pablo Galavis‚Ñ¢,JuanPaGalavis,168527,1404,,United States,,http://pbs.twimg.com/profile_images/3786193006/fd914ef5d5e4afd68ac0fcbf7c654e6e_normal.jpeg,,2022-05-07 17:50:28
Mahmoud Ahmadinejad,Ahmadinejad1956,148865,49,fa,Tehran,,http://pbs.twimg.com/profile_images/838335316935200768/VKJJiFj8_normal.jpg,"http://instagram.com/drahmadinejad.ir,http://t.me/drahmadinejad_ir",2022-05-09 23:50:33
Lindsey Horan,LindseyHoran,139560,182,,"Golden, CO",,http://pbs.twimg.com/profile_images/1086585051624718337/UPFg7P6c_normal.jpg,,2022-05-09 19:51:08
Jordy Clasie,JordyClasie,134180,46,,,,http://pbs.twimg.com/profile_images/1153427639119560710/hz8c-jUq_normal.jpg,,2022-05-05 12:50:29
Allie Long,ALLIE_LONG,126373,496,,"Long Island, NY",,http://pbs.twimg.com/profile_images/1132446966804303873/g-8efwWn_normal.jpg,http://BeatEverybody.com,2022-05-11 05:51:06
Amy Rodriguez,AmyRodriguez8,124000,94,,,,http://pbs.twimg.com/profile_images/2396718701/4z6uqwbhnkit6wn8axly_normal.jpeg,https://support.childrensmercy.org/amyrodriguez,2022-05-04 22:50:40
ÊµÖÈáéÊãìÁ£®  Takuma Asano,AsaTaku29,123707,164,,,,http://pbs.twimg.com/profile_images/1462007526543839236/vHckvzoo_normal.jpg,"http://www.asanotakuma.net/,http://lineblog.me/asano_takuma/",2022-05-05 09:50:55
Sunny LU @VeChain,sunshinelu24,101202,333,en,San Marino,,http://pbs.twimg.com/profile_images/1506678480733290496/J_xwX8Ub_normal.jpg,http://www.vechain.org,2022-05-08 20:11:04
Samantha Mewis,sammymewy,100844,411,,"Boston, MA",,http://pbs.twimg.com/profile_images/1226209458394562560/APPcLO-9_normal.jpg,,2022-05-11 01:50:40
GastonCastano/GASTON,GASTONCASTANO32,100431,108,,Indonesia ,,http://pbs.twimg.com/profile_images/792649131533541376/aehmJ0GP_normal.jpg,,2022-05-04 19:50:14
ÿ≠ÿ≥ŸÜ ŸÖÿπÿßÿ∞,hassanmuath,87134,346,,riyadh,,http://pbs.twimg.com/profile_images/807560024159649792/zq_jlehd_normal.jpg,,2022-04-30 10:50:56
Leandro Moura,Leandriin21,81885,317,en,Jap√£o,,http://pbs.twimg.com/profile_images/1511303108919689219/H6g_GWQC_normal.jpg,,2022-05-09 11:50:48
Omar El Kaddouri,OEKaddouri,75152,183,,,,http://pbs.twimg.com/profile_images/1374062535264059404/fZkBqolf_normal.jpg,,2022-04-28 16:51:13
robin singh,robin_singh_23,73238,318,,"Goa, India",,http://pbs.twimg.com/profile_images/912907703047086080/L7Zr58aE_normal.jpg,,2022-05-02 10:50:27
Stefano Lilipaly,Stefan0Lilipaly,66932,133,,"Amsterdam, Nederland",,http://pbs.twimg.com/profile_images/1034406305329369089/QkLZpgVu_normal.jpg,,2022-05-10 16:50:28
ŸÖÿ≠ŸÖÿØ ÿßŸÖŸäŸÜ üá∏üá¶,MohamadAmeen_7,64906,1263,,Kingdom of Saudi Arabia,,http://pbs.twimg.com/profile_images/1201632144021479424/EDlhGOr4_normal.jpg,https://Instagram.com/amin7_official/,2022-04-26 17:51:33
Waylon Francis,WaylonFrancis90,61083,490,,"Columbus, OH",,http://pbs.twimg.com/profile_images/888755088738705408/McXiqb6k_normal.jpg,http://www.lloreconmigopapicr.com,2022-04-14 20:30:00
MLSPA,MLSPA,53292,1839,,Bethesda. Maryland,,http://pbs.twimg.com/profile_images/1488571481768566788/wf-kFsEW_normal.jpg,http://mlsplayers.org,2022-04-29 23:50:28
Diana Matheson,dmatheson8,53086,469,,"Toronto, Ontario",,http://pbs.twimg.com/profile_images/1362161638875533316/iMESPfx6_normal.jpg,http://www.dianamatheson.ca,2022-04-15 03:51:23
Terry Eccles.,ecclesterry1,50142,44660,,"England, United Kingdom",,http://pbs.twimg.com/profile_images/1486979706717147136/yCC7ai-__normal.jpg,,2022-05-04 10:51:13
Abby Dahlkemper,AbbyDahlkemper,47846,434,,CA ¬∑ NC,,http://pbs.twimg.com/profile_images/1220557832367624192/WBnwBk1f_normal.jpg,https://bit.ly/AOSxAD,2022-05-12 05:51:18
Èà¥Êú®Ê≠¶Ëîµ MusashiSuzuki,musatoro,44521,330,,"Antwerpen, Belgi√´",,http://pbs.twimg.com/profile_images/1327647041271586819/pawJg6Cl_normal.jpg,https://www.instagram.com/musatoro0211,2022-05-05 22:50:21
Nouha Dicko,DNouha,38558,401,,"Arnhem, Nederland",,http://pbs.twimg.com/profile_images/1168861934881562625/mD5g_Bds_normal.jpg,"https://www.facebook.com/dickonouha,http://Instagram.com/NouhaDicko",2022-04-14 20:30:00
LoriChalupny,lorichalupny,37986,270,,,,http://pbs.twimg.com/profile_images/962044212890841089/Zs5b4bcG_normal.jpg,,2022-04-25 21:50:35
David Copeland-Smith,BeastModeSoccer,33112,933,,,,http://pbs.twimg.com/profile_images/1490705627743600646/r8U6z-BM_normal.jpg,http://bmscr.co/tweet,2022-04-14 20:30:00
KIM-KEE-HEE,kihee4,30238,112,,,,http://pbs.twimg.com/profile_images/1320611945028808706/6z6Q3SKt_normal.jpg,http://www.instagram.com/kkhrrstar,2022-04-14 20:30:00
Filipe Coutinho,filipecoutinho,29611,1625,,"Bras√≠lia, Distrito Federal",,http://pbs.twimg.com/profile_images/1348960739999031296/MOkHrTPn_normal.jpg,,2022-04-20 17:51:16
ÿπÿ®ÿØÿßŸÑŸÑŸá ÿßŸÑÿ¥ÿßŸÖÿÆ,ShamekhAbdullah,29494,53,,Riyadh,,http://pbs.twimg.com/profile_images/1491835005508767745/lISBU1Yk_normal.jpg,http://Instagram.com/shamekh17,2022-05-10 07:50:32
Ale Sorchini,AleSorchini,27631,567,,Mexico,,http://pbs.twimg.com/profile_images/1509745890776567808/1MarOJzD_normal.jpg,http://www.instagram.com/alesorchini/,2022-04-17 03:51:17
Leslie Osborne,LeslieOsborne12,27067,2242,,"Santa Clara, CA",,http://pbs.twimg.com/profile_images/1140717862560002048/j2y__F_O_normal.jpg,https://www.givengain.com/ap/leslie-osborne-heather-oreilly-raising-funds-for-the-sports-museum/,2022-05-04 09:51:03
Jonathan Bornstein,JonnyBornstein,26095,304,,"Chicago, IL",,http://pbs.twimg.com/profile_images/1379574627010281476/iBwRyQSW_normal.jpg,,2022-04-17 12:50:35
Sofia Huerta,schuerta,23319,453,,,,http://pbs.twimg.com/profile_images/1278619969303900161/u7vBNCeu_normal.jpg,,2022-05-06 21:51:21
Kwame Bonsu,kwamebonsu_3,22814,130,,"Cairo, Egypt",,http://pbs.twimg.com/profile_images/1388686267332898821/cctPVOpv_normal.jpg,https://youtu.be/XRS4DadVDgE,2022-04-14 20:30:00
RODRIGO GARDU√ëO,ro54d,22661,397,,"Miami, FL",,http://pbs.twimg.com/profile_images/1497765581965209608/zRznHFf7_normal.jpg,http://www.54d.com,2022-05-12 00:51:03
Steeven Saba,SteevenSaba11,22514,359,,,,http://pbs.twimg.com/profile_images/1011435243180646405/7ndoEm6F_normal.jpg,http://www.instagram.com/tisaba17,2022-04-20 01:50:29
Bernio Jordan Enzo Verhagen,Jordinhovic,22230,551,,"Amsterdam, Noord-Holland",,http://pbs.twimg.com/profile_images/1156986021562736641/YhfycQjZ_normal.jpg,http://Instagram.com/jordinhovic,2022-04-14 20:30:00
Sergio Gakp√© ‚öΩÔ∏è,SergeGKP,21941,204,,"Genova, Liguria",,http://pbs.twimg.com/profile_images/785145971718094848/g5GCgfWR_normal.jpg,https://www.facebook.com/SergeGakpeSgkp,2022-05-07 17:50:28
NWSLPA,nwsl_players,21670,1718,,,,http://pbs.twimg.com/profile_images/1495952348027318275/TQHsuG3a_normal.jpg,"http://nwslplayers.com,http://NoMoreSideHustles.com,https://SupportThePlayers.net",2022-05-11 21:50:57
College Soccer Truth ‚Ñ¢,ImCollegeSoccer,21081,12064,,,,http://pbs.twimg.com/profile_images/1191574857336709120/VjSg4Svg_normal.jpg,,2022-04-14 20:30:00
"Jay Gordon, MD, FAAP",JayGordonMDFAAP,19710,4006,,Santa Monica,,http://pbs.twimg.com/profile_images/833776427082280960/1GcxuqcC_normal.jpg,http://drjaygordon.com,2022-05-03 08:50:39
CJ Sapong,BigAfrika88,18899,1556,en,"Nashville, TN",,http://pbs.twimg.com/profile_images/1330618977123332096/fOkgWEsc_normal.jpg,http://thesacredseeds.org,2022-05-01 17:50:56
Collin Martin,martcw12,18686,314,,"San Diego, CA",,http://pbs.twimg.com/profile_images/1364344611620069378/iECGWnYz_normal.jpg,,2022-04-14 20:30:00
Ï°∞ÏòÅÏ≤†   „ÉÅ„Éß„É®„É≥„ÉÅ„Éß„É´,hello1538,18185,72,ja,Êó•Êú¨,,http://pbs.twimg.com/profile_images/1498893574145933313/CbUDhoZy_normal.jpg,https://instagram.com/youngcheol38?utm_medium=copy_link,2022-04-14 20:30:00
Janae Gonzalez,Jnaenae99,18166,492,,"California, USA",,http://pbs.twimg.com/profile_images/1418113831629332483/kNIF0f86_normal.jpg,,2022-04-14 20:30:00
Brian Dunseth,BrianDunseth,17959,4890,,"Mount Olympus, UT",,http://pbs.twimg.com/profile_images/1051176949106671616/pmn78EFW_normal.jpg,,2022-05-08 09:50:35
Coerver¬Æ Coaching,CoerverCoaching,17502,263,,,,http://pbs.twimg.com/profile_images/1387378937597239296/8Oe8Vjuw_normal.jpg,https://playgreatsoccer.com,2022-04-14 20:30:00
Fr√©d√©ric Bulot Wagah,FredericBulot,17412,94,,PARIS,,http://pbs.twimg.com/profile_images/1278450499390525440/m25k1sFS_normal.jpg,https://m.youtube.com/watch?v=H8O4MKmlDTw,2022-04-14 20:30:00
Lia W√§lti,liawaelti,17373,99,,Bern,,http://pbs.twimg.com/profile_images/1491828803739521026/sQUcxokf_normal.jpg,,2022-05-10 00:50:43
Mikkel Beck,beckmikkel,17147,18829,,Monaco,,http://pbs.twimg.com/profile_images/1686666089/5tv0xkea_guest.jpg_normal.jpg,http://instagram.com/mikkelbeck9,2022-04-14 20:30:00
Teal Bunbury,TealBunB,16169,196,,"√úT: 38.973291,-94.576352",,http://pbs.twimg.com/profile_images/1470084593340588036/Wm3JEvi6_normal.jpg,,2022-04-14 20:30:00
ÿ¥ÿßÿØŸä ÿ£ÿ®Ÿà Ÿáÿ¥Ÿáÿ¥,hashhashshadi,16167,1170,,Amman,,http://pbs.twimg.com/profile_images/1099085141534822400/kj5Eqs_q_normal.jpg,,2022-04-14 20:30:00
Kofi Opare,kofiopare6,14620,8919,,"Denver, CO",,http://pbs.twimg.com/profile_images/1250552064146419713/UAmElh7W_normal.jpg,http://Instagram.com/kofiopare6,2022-05-11 19:50:57
Julian Gressel,JulianGressel,14201,258,en,,,http://pbs.twimg.com/profile_images/1486849236318699531/MRNvhq14_normal.jpg,http://www.zeesoccerpodcast.com,2022-04-14 20:30:00
Toni Deion Pressley,Toni_Deion,14000,455,,"Florida, USA",,http://pbs.twimg.com/profile_images/1253108945130000385/km3KDx93_normal.jpg,,2022-05-11 19:51:10
Thiago Martins,thmartinsb,13492,86,,,,http://pbs.twimg.com/profile_images/1514808805606928386/XLhvyOyx_normal.jpg,,2022-05-05 16:50:48
Eric Botteghin,EricBotteghin,12725,225,,,,http://pbs.twimg.com/profile_images/1423647409981296654/ShzOREGs_normal.jpg,,2022-05-10 23:51:12
Joshua Perez,Joshua_Perez26,12591,370,,"Los Angeles, CA",,http://pbs.twimg.com/profile_images/1418016845072846855/LThRiI-L_normal.jpg,,2022-04-14 20:30:00
kiana palacios,KianaPalacios,12564,201,,,,http://pbs.twimg.com/profile_images/1501986897807216643/QPzBTY5K_normal.jpg,,2022-04-17 14:50:16
Miguel Ibarra,Migue10Ibarra,11709,950,,,,http://pbs.twimg.com/profile_images/1473010904169996292/UpliloWt_normal.jpg,,2022-04-14 20:30:00
ÿµŸÇÿ± ÿπÿ∑ŸäŸÅ,Otayfff10,11586,142,,Instagram: saqerotayf11,,http://pbs.twimg.com/profile_images/1139038487993339910/TlPWau-1_normal.jpg,https://www.snapchat.com/add/otayfs,2022-04-14 20:30:00
Bryan Moya,bryanmoya29,11542,226,,,,http://pbs.twimg.com/profile_images/1314945033963962371/rLNwRFMr_normal.jpg,https://youtu.be/Uy71JpSiZZk,2022-04-21 00:50:24
Felipe Martins,FeliMartins8,11436,420,en,United States,,http://pbs.twimg.com/profile_images/1493691575599259658/BnHLXxjx_normal.jpg,http://www.instagram.com/f.lipe8,2022-04-24 03:12:14
Samuel Armenteros,SamArmenteros,11359,,,,,http://pbs.twimg.com/profile_images/752783909482532865/YZnokB53_normal.jpg,,2022-04-30 01:50:27
Caio Alexandre,CaioAlexandre05,11266,402,,"Duque de Caxias, Brasil",,http://pbs.twimg.com/profile_images/1497030093729792003/3Jgkiqlx_normal.jpg,,2022-05-10 16:50:59
Paul Keuter,paulkeuter,11125,1104,,"Berlin, Deutschland",,http://pbs.twimg.com/profile_images/1407673225501462536/fA3NOve-_normal.jpg,,2022-05-09 00:51:30
Lebo Mothiba,LeboMothiba11,10933,196,,,,http://pbs.twimg.com/profile_images/1051780886675505157/XuQswMBN_normal.jpg,https://g.co/kgs/K9Pd5U,2022-04-14 20:30:00
Liana Salazar,LianaSalazar11,10390,35,,,,http://pbs.twimg.com/profile_images/1510416720099434504/tNjkFNFo_normal.jpg,,2022-04-28 15:50:21
Ari Romero,ari_SOMBRERO,10301,448,,,,http://pbs.twimg.com/profile_images/647765460889415680/zpVDU381_normal.jpg,https://Instagram.com/ari_sombrero/,2022-05-03 01:51:29
Sarah Gorden,sarahlgorden,9916,299,,Chicago,,http://pbs.twimg.com/profile_images/1291746211960160256/1lbiDv5z_normal.jpg,,2022-05-09 20:51:07
SelectaTalent (Hugo Alvarado),SelectaTalent,9881,265,,Los Angeles,,http://pbs.twimg.com/profile_images/1347639248719998978/Gvf7OlhX_normal.jpg,http://www.selectatalent.com,2022-04-14 20:30:00
Amber Brooks,abrooks22,9807,560,,Houston/NC ,,http://pbs.twimg.com/profile_images/1456841961613127681/TljZQm9K_normal.jpg,,2022-04-14 20:30:00
Lebo Mothiba,LeboMothiba96,9640,155,,,,http://pbs.twimg.com/profile_images/1265186454759706624/Btc8TL5P_normal.jpg,,2022-05-07 22:50:48
Kylen Mills,KylenMills,9602,2020,en,San Francisco,,http://pbs.twimg.com/profile_images/1457861299870715906/Dr4bNd47_normal.jpg,https://linktr.ee/Kylenmills,2022-05-12 04:11:20
Mana Shim,meleanashim,9588,496,,"San Diego, CA",,http://pbs.twimg.com/profile_images/1471083131356647427/Xwdal5de_normal.jpg,,2022-04-28 13:50:35
Sarah Hagen,sarahapplehagen,9206,382,,,,http://pbs.twimg.com/profile_images/778208520143532032/eG0MxLQg_normal.jpg,,2022-04-14 20:30:00
Emily Proud,emily_proud,9113,1059,en,"Nashville, TN",,http://pbs.twimg.com/profile_images/1513295977670754310/oNdnjj-B_normal.jpg,https://www.facebook.com/WKRN.EmilyProud/,2022-05-03 02:11:24
Julian Araujo,julian__araujo,8718,411,,"Lompoc, CA",,http://pbs.twimg.com/profile_images/1373005590037999623/o10IIkXg_normal.jpg,https://linktr.ee/julian__araujo,2022-05-11 22:51:12
Sara Bj√∂rk,sarabjork18,8686,237,,"Lyon, France",,http://pbs.twimg.com/profile_images/1281901161184989185/zS3MFZOE_normal.jpg,,2022-04-14 20:30:00
Todd Smith,todd3cr,8456,490,,Nashville,,http://pbs.twimg.com/profile_images/1456619314329567234/PhxMhs-0_normal.jpg,https://www.rally.io/creator/3CR8/,2022-04-25 00:51:01
Distel Zola,distelzola,8348,653,,"Charlotte, NC",,http://pbs.twimg.com/profile_images/1388187361734008845/QTQO2TwR_normal.jpg,https://www.instagram.com/distelzola/?hl=fr,2022-05-07 17:50:28
Esteban Espindola,EspindolaLopez,8309,211,,,,http://pbs.twimg.com/profile_images/1305345747861352455/mJzEoS8L_normal.jpg,https://www.instagram.com/essppii/?hl=es-la,2022-04-17 12:50:35
Christina Burkenroad,cburky2,8284,119,,"Monterrey, Nuevo Le√≥n",,http://pbs.twimg.com/profile_images/1337511828834881543/meQaGQZn_normal.jpg,https://www.amazon.com/gp/aw/d/B09MDFL6L2/ref=tmm_pap_swatch_0?ie=UTF8&qid=1638804555&sr=8-3,2022-05-06 07:50:47
Trinity Rodman,trinity_rodman,8212,12,,,,http://pbs.twimg.com/profile_images/1399831195832225792/32KAO2Zm_normal.jpg,http://adidas.onelink.me/ihha/u8yy2nla,2022-05-09 17:51:21
Nikki Stanton,GutiNikki7,7840,531,,,,http://pbs.twimg.com/profile_images/1153403151275438085/s3W_CY7E_normal.jpg,,2022-04-14 20:30:00
Jos√©e B√©langer,JoseeBelanger9,7813,348,,,,http://pbs.twimg.com/profile_images/745334569726017536/lNbiU9op_normal.jpg,http://www.joseebelanger9.com,2022-04-20 01:50:29
Sandy Walsh,SandyWalsh_,6970,188,,"Brussel, Belgi√´",,http://pbs.twimg.com/profile_images/1066473227021676545/bUvfm0f3_normal.jpg,http://www.facebook.com/Walsh.Sandy.14,2022-04-17 01:51:01
Lucas Woudenberg,LucasWoudenberg,6824,238,,,,http://pbs.twimg.com/profile_images/1107359533209473024/4QuO-6Kf_normal.jpg,,2022-05-10 23:51:12
Efrain Alvarez,efrain_alvarez1,6822,35,,"California, USA",,http://pbs.twimg.com/profile_images/1121788021878263809/IB32WpyY_normal.jpg,,2022-05-03 12:50:46
Christina Burkenroad,cburky4,6807,,,"San Diego,California / Prague ",,http://abs.twimg.com/sticky/default_profile_images/default_profile_normal.png,https://youtu.be/WkEQlwTsSGQ,2022-05-06 07:50:47
Vero Kurtz,vero_kurtz,6495,253,,Paraguay,,http://pbs.twimg.com/profile_images/1285735339152351239/OeRtiGzK_normal.jpg,,2022-04-14 20:30:00
Debinha,Debinha7,6469,146,,"North Carolina, USA",,http://pbs.twimg.com/profile_images/1520620880119873537/UtU_G1Wu_normal.jpg,https://instagram.com/debinhaa7?igshid=f4g27r214j96,2022-05-08 18:50:57
Luk / „É´„Ç≠„Ç¢„É≥ üöÄüîë,Lukian9,6447,209,,Rio de Janeiro,,http://pbs.twimg.com/profile_images/1502635892095451136/_2VBhp_l_normal.jpg,https://m.facebook.com/lukian.araujo.3?refid=9&_rdr#_=_,2022-04-14 20:30:00
Over There,socceroverthere,6059,284,,USA! USA! USA!,,http://pbs.twimg.com/profile_images/658161485/badge_normal.jpg,http://www.socceroverthere.com/,2022-04-14 20:30:00
Tesho Akindele,Tesho13,6007,660,,"Orlando, FL",,http://pbs.twimg.com/profile_images/1508542600688582661/WMFtI3CE_normal.jpg,https://linktr.ee/TeshoAkindele,2022-05-08 02:50:41
Jordan Harvey,JordanCHarvey,5984,99,,"Los Angeles, CA",,http://pbs.twimg.com/profile_images/1255610202490933249/SM-TqApf_normal.jpg,http://www.LAFC.com,2022-05-11 16:50:48
Brittany Bock,illBBock,5932,1119,,"Denver, CO",,http://pbs.twimg.com/profile_images/1101662259170820097/7VS5SnEK_normal.jpg,http://www.brittanybock.com,2022-04-14 20:30:00
@jennifer_kaka_cudjoe13,JenniferCudjoe,5874,920,,,,http://pbs.twimg.com/profile_images/1505590814763855879/TNv3CqFO_normal.jpg,https://youtu.be/BoGVRIiZFnM,2022-04-28 16:51:09
Kleber Boas Pereira,KleberBoasP,5697,43,,Brasil,,http://pbs.twimg.com/profile_images/3733065481/9822ab5703f9fb87bd4587f96377416b_normal.jpeg,http://www.facebook.com/kboas2,2022-04-14 20:30:00
Angel Ubide,AngelUbide,5671,575,,Washington DC/NYC/London/Spain,,http://pbs.twimg.com/profile_images/562416201695891456/t3VSuhGo_normal.jpeg,http://www.iie.com/staff/author_bio.cfm?author_id=635,2022-04-14 20:30:00
Cody Joseph Cropper,codycropper_01,5655,227,,USA,,http://pbs.twimg.com/profile_images/993468877798625280/eXz8AAjS_normal.jpg,,2022-04-17 03:50:35
Tori Huster,torihuster,5554,250,,"Washington, DC",,http://pbs.twimg.com/profile_images/693458474706026497/gOB6dnQx_normal.jpg,,2022-05-09 20:51:07
Ola Kamara,OlaKamara,5397,112,,"Washington, DC",,http://pbs.twimg.com/profile_images/1165353704033267712/rsVCozB-_normal.jpg,http://www.instagram.com/olakamara,2022-04-15 14:50:35
orianica velasquez,OrianicaV,5377,138,,,,http://pbs.twimg.com/profile_images/640654990923702272/SYj27jSJ_normal.jpg,,2022-04-14 20:30:00
amando,Amando_moreno,4999,,, New Jersy ,,http://pbs.twimg.com/profile_images/1438968971458322432/yLXl54Io_normal.jpg,,2022-04-14 20:30:00
Alyssa Mautz,Alyssa_Mautz,4944,569,,,,http://pbs.twimg.com/profile_images/621845708128129024/JTpXAYHd_normal.jpg,http://instagram.com/amautz/,2022-04-14 20:30:00
Morgyn Seigfried,MorgynSeigfried,4877,1134,,"Lawrence, KS",,http://pbs.twimg.com/profile_images/1511886718168932353/EUuZwUye_normal.jpg,,2022-05-06 14:51:01
Rodrigo Lopez,Lopez_Roro,4852,608,,"Santa Barbara, CA",,http://pbs.twimg.com/profile_images/1483668544294371329/SetQ_6tx_normal.jpg,http://www.facebook.com/RoroLopez19,2022-04-14 20:30:00
Lance Parker,lanceAparker,4804,214,,"New York, NY",,http://pbs.twimg.com/profile_images/1817093246/Lance_normal.jpg,http://www.facebook.com/lanceAparker1,2022-04-18 00:50:36
Niko Hamalainen,Niko_Hamalainen,4674,259,,"London, England",,http://pbs.twimg.com/profile_images/1362803265667272707/oWqKzwmK_normal.jpg,,2022-04-18 04:50:30
Jesus Ferreira,Jesusfcd27,4546,209,,,,http://pbs.twimg.com/profile_images/1225640027641663488/ygjqMyuB_normal.jpg,,2022-05-09 17:51:21
Joshua Gatt,JoshuaGatt,4484,190,,,,http://pbs.twimg.com/profile_images/1423610564262105093/krE_TsiS_normal.jpg,http://www.facebook.com/#!/pages/The-Official-Joshua-Gatt-Fan-Club/132723460119446,2022-04-30 21:50:52
Camilinha,camilinha94mp,4444,144,,"S√£o Paulo, Brasil",,http://pbs.twimg.com/profile_images/1455903745590575108/4WnUtWws_normal.jpg,http://www.camilinhaoficial.com,2022-05-01 17:50:56
Steven Beitashour,Sbeita33,4378,789,,"Denver, CO",,http://pbs.twimg.com/profile_images/1375578016693186561/29ulFicj_normal.jpg,https://m.facebook.com/StevenBeitashourFanPage,2022-05-11 16:50:48
Adam Jahn,AdamJahn14,4367,312,,"Phoenix, AZ",,http://pbs.twimg.com/profile_images/1488897049969844224/K0DMrsJo_normal.jpg,https://www.linkedin.com/in/adamjahn14/,2022-04-14 20:30:00
Rafael Garcia,Rafizzy07,4366,846,,"Canoga Park, CA",,http://pbs.twimg.com/profile_images/1088623749367246848/pw72QuLF_normal.jpg,,2022-04-14 20:30:00
Joseph Scally,jjscally_10,4337,76,,,,http://pbs.twimg.com/profile_images/1413604821362434051/5QxJw-Oe_normal.jpg,,2022-05-03 12:50:23
Fernando Oliveira,fergol18,4301,2983,,"Miramar, FL",,http://pbs.twimg.com/profile_images/1301606220432846848/tSqlLCqA_normal.jpg,https://www.facebook.com/fergol18,2022-04-14 20:30:00
Trey Ditto,treyditto,4239,3359,,"Venice Beach, Los Angeles",,http://pbs.twimg.com/profile_images/1501618828479926274/-HyuUYt7_normal.jpg,"http://www.DittoPR.co,http://DittoPR.co",2022-04-14 20:30:00
Diego Fagundez,DiegolFagundez,4203,137,en,,,http://pbs.twimg.com/profile_images/1407821756350578688/ljgu_1mZ_normal.jpg,,2022-05-08 18:50:57
Osman Bukari,OsmanBukari9,4127,67,,France,,http://pbs.twimg.com/profile_images/1337860654716366861/CQbENeO__normal.jpg,https://instagram.com/osman.bukari?utm_medium=copy_link,2022-04-17 08:50:58
Guilherme Sity√°,GuiSitya,4000,160,,Turquia,,http://pbs.twimg.com/profile_images/1409875112447430666/u6cMU2X3_normal.jpg,http://www.guilhermesitya.com,2022-04-14 20:30:00
Gabrielle Kessler,gabby_seiler,3995,370,,"Houston, TX",,http://pbs.twimg.com/profile_images/1484381186516566016/C3L2XtQr_normal.jpg,http://instagram.com/gabby_seiler/,2022-05-09 20:51:07
Joey Suk,joeysuk,3955,117,,,,http://pbs.twimg.com/profile_images/742267180679593984/PzA4bFRl_normal.jpg,http://followgram.me/joeysuk,2022-04-19 07:50:34
kel,kellihubly,3923,353,,,,http://pbs.twimg.com/profile_images/1490010314921824258/xzRktE4T_normal.jpg,,2022-05-09 20:51:07
Jeff Dufour,dcdufour,3767,2328,,"Washington, D.C.",,http://pbs.twimg.com/profile_images/1194740212309594113/VnBONOjt_normal.jpg,http://www.nationaljournal.com,2022-05-03 16:50:47
Bernardo Anor,BernardoAnor,3725,216,,"Caracas, Venezuela ",,http://pbs.twimg.com/profile_images/975048962599251968/wdb-GT5m_normal.jpg,,2022-05-10 06:50:30
Chantel Jones,Chantel_Jones29,3674,337,,Canberra,,http://pbs.twimg.com/profile_images/1391580853919121411/_ilPbZgi_normal.jpg,,2022-04-14 20:30:00
Russell Canouse,RussellCanouse,3648,448,,,,http://pbs.twimg.com/profile_images/1384296036093493249/5bONuu-6_normal.jpg,,2022-04-14 20:30:00
Rhyan,Paradela_Rhyan,3579,204,,"Rio de Janeiro, Brasil",,http://pbs.twimg.com/profile_images/982447289515069440/ps6y_yTP_normal.jpg,,2022-04-14 20:30:00
Hunter Freeman,huntfree,3486,636,,"√úT: 58.15171,8.029682",,http://pbs.twimg.com/profile_images/1114001000862556160/PUbFn1F7_normal.jpg,,2022-04-15 14:50:35
Kortne Ford,KortFord,3453,1461,,,,http://pbs.twimg.com/profile_images/1171868611264122880/GT0YKb3-_normal.jpg,,2022-04-24 12:50:45
Sandy Hooper,SandyHooper,3418,1722,,Los Angeles born and raised,,http://pbs.twimg.com/profile_images/953733313247698944/I3rGY0Tl_normal.jpg,http://sandyhooperproductions.com,2022-04-23 12:50:27
samuel ochoa,Sammy8A26,3351,1009,,"California, USA",,http://pbs.twimg.com/profile_images/1312786673101463552/8b4qpMEN_normal.jpg,http://www.sacrepublicfc.com,2022-04-15 11:50:31
Jose A. Martinez,MartinezG8,3337,433,,La Palma Del Condado,,http://pbs.twimg.com/profile_images/1498601369028157448/QxzCSSiH_normal.jpg,,2022-05-01 09:50:31
Koke Vegas,KokeRuiz1,3254,550,,"Antequera, M√°laga",,http://pbs.twimg.com/profile_images/1508222308652965890/JsvQIccu_normal.jpg,,2022-04-29 07:50:21
Zac Lubin,ZLubin28,3079,1637,,"Phoenix, AZ",,http://pbs.twimg.com/profile_images/1505574241747431426/4qwww4WE_normal.jpg,http://westcoastgoalkeeping.com,2022-04-14 20:30:00
Go Pro Sport,goprosportmgnt,3070,377,,Medell√≠n -Madrid- Caracas,,http://pbs.twimg.com/profile_images/1339668145464815617/yb3MOtiZ_normal.jpg,http://goprosport.com/,2022-04-14 20:30:00
A.Sousa,asousa8,3035,250,,Portugal,,http://pbs.twimg.com/profile_images/1517489698683428865/gmdIKdKJ_normal.jpg,,2022-05-11 11:51:19
Lio‚Äôs Punk,LiosPunk,3029,220,,,,http://pbs.twimg.com/profile_images/1436674244881129477/WG8N2ec5_normal.jpg,,2022-04-15 01:50:27
Ibrahim Alhassan,muazzam04,3003,207,,"Madeira, Portugal",,http://pbs.twimg.com/profile_images/1263100675895906305/1g5CR3bK_normal.jpg,https://www.instagram.com/alhassan_ibrahim/,2022-04-19 06:50:56
Jose Memo Rodriguez,40_jrod,2992,400,,"El Campo, TX/ Houston",,http://pbs.twimg.com/profile_images/1401924761584910338/X8TO4KpT_normal.jpg,,2022-05-08 18:50:57
Julio Cascante,JulCascante,2971,156,,"Austin, TX",,http://pbs.twimg.com/profile_images/1500993918753726470/hmbTYoIi_normal.jpg,,2022-04-14 20:30:00
Brittany Flowers,bflowerstv,2950,766,,"Austin, TX",,http://pbs.twimg.com/profile_images/1493335206853554179/UgNdUswx_normal.jpg,http://instagram.com/bflowerstv,2022-04-18 18:50:55
Missouri Rush,MoRushSoccer,2934,566,,"Saint Charles County, MO",,http://pbs.twimg.com/profile_images/1324110523181486085/amCFxABl_normal.jpg,http://www.morushsoccer.com/,2022-05-10 23:50:22
Ryan Hollingshead,rmhollingshead,2890,194,,"Dallas, Texas",,http://pbs.twimg.com/profile_images/1495165971983523841/03u00Dh8_normal.jpg,,2022-04-14 20:30:00
Brooke Elby,BrookeLB93,2737,380,,"Pasadena, CA",,http://pbs.twimg.com/profile_images/1285811255152787456/h5RBAchS_normal.jpg,,2022-04-14 20:30:00
Carlos L√≥pez de Silanes,cordobeslopez,2716,359,,,,http://pbs.twimg.com/profile_images/1065761905116045312/rgcub5Q4_normal.jpg,,2022-04-24 12:50:47
Casey Murphy,CaseyMurph,2649,287,,"Bridgewater, NJ",,http://pbs.twimg.com/profile_images/1363686113429377027/STzPQpNZ_normal.jpg,https://www.coachup.com/coaches/caseym-9,2022-04-28 16:51:09
Tyler Lussi,tyler_lussi,2647,344,,"Los Angeles, CA",,http://pbs.twimg.com/profile_images/1505554597577781249/AXJJJYka_normal.jpg,https://nationalcollegerecruitingcenter.com,2022-05-09 20:51:07
Xisco Hern√°ndez,xiscohm31,2626,609,,Palma de Mallorca,,http://pbs.twimg.com/profile_images/1368479420953026562/cVJgZRP1_normal.jpg,https://vimeo.com/212328089/c3ae52ff06,2022-05-02 01:51:07
Katie Naughton,k_naughton24,2600,509,,,,http://pbs.twimg.com/profile_images/1000103723010543618/5FkjOweB_normal.jpg,,2022-04-14 20:30:00
adane girma,girma_adane,2580,11,,ethiopia,,http://pbs.twimg.com/profile_images/3164709764/25f8b0978595db7a6473a31f2d401b0e_normal.jpeg,,2022-04-29 01:51:15
Sergio Carrallo,S_carrallo,2496,291,,"Dubai, United Arab Emirates",,http://pbs.twimg.com/profile_images/1501112633361059848/pZCgPXWQ_normal.jpg,https://vm.tiktok.com/ZM8H8f8Ht/,2022-05-05 19:50:38
Dr. Mariah Bullock,MariahNogy,2472,288,,"Lincoln, NE",,http://pbs.twimg.com/profile_images/1353448687993827328/1ORT-puG_normal.jpg,,2022-04-14 20:30:00
Joshua Yaro,JoshYaro,2463,321,,"St Louis, MO",,http://pbs.twimg.com/profile_images/1507346374957936648/cHGleavT_normal.jpg,https://www.thejoshyarofoundation.org/,2022-04-29 20:51:17
ÿ±ÿßÿ¥ÿØ ÿßŸÑÿØŸàÿ≥ÿ±Ÿä,Rashedaldousri4,2450,172,,,,http://pbs.twimg.com/profile_images/1478058455885824003/yHsfg6Ln_normal.jpg,,2022-04-14 20:30:00
Alex DeJohn,alexdejohn5,2427,665,,"Atlanta, GA",,http://pbs.twimg.com/profile_images/1509665640298258432/--vkS2Yj_normal.jpg,http://instagram.com/alex_dejohn,2022-04-27 02:51:33
Ibrahima Bald√© @teamnatiba99_official,balde_ibrahima,2425,32,,"Giresun, T√ºrkiye",,http://pbs.twimg.com/profile_images/1521238892187373571/dYCYOygN_normal.jpg,,2022-05-10 14:50:27
David da Silva,davidasilva07,2382,187,,S√£o Paulo,,http://pbs.twimg.com/profile_images/1214905135622701057/g81_SsYM_normal.jpg,https://youtu.be/2tiT3fVpMmw,2022-04-14 20:30:00
Brittany Wilson,Brittany1Wilson,2214,691,,"Denver, CO",,http://pbs.twimg.com/profile_images/1316542460194172928/rowsFYOU_normal.jpg,http://instagram.com/brittany1wilson,2022-05-06 00:50:35
Jimmy Medranda,jimmymedranda,2189,315,,"Pereira, Colombia",,http://pbs.twimg.com/profile_images/1423881501758816260/o8MNXRxq_normal.jpg,,2022-04-14 20:30:00
Patrick Doody,PatrickDoody19,2166,1101,,Chicago,,http://pbs.twimg.com/profile_images/1401950539701698562/lcbngRDB_normal.jpg,,2022-05-05 09:50:36
Paige Monaghan,paigeqmonaghan,2166,280,,"New Jersey, USA",,http://pbs.twimg.com/profile_images/1500137833402703873/gJKoo0I4_normal.jpg,,2022-05-02 16:50:58
Skari,Skari25March,2133,3259,,"Pretoria, South Africa",,http://pbs.twimg.com/profile_images/1446026756893417476/5mpEZXQm_normal.jpg,,2022-04-14 20:30:00
Taylor Lytle,Taylor_Lytle,2123,218,,,,http://pbs.twimg.com/profile_images/976223773085937664/LUoCmM7C_normal.jpg,,2022-04-14 20:30:00
Jeffrey Otoo üá¨üá≠üá∫üá∏,jeffreyotoo9,2117,262,,"Georgia, USA",,http://pbs.twimg.com/profile_images/928840675210219522/f-FKe8Ji_normal.jpg,http://www.instagram.com/iam_jeffrey_otoo,2022-04-14 20:30:00
Jhon Kennedy Hurtado,JhonHurtado34,2105,349,,"Seattle, WA",,http://pbs.twimg.com/profile_images/787463221263294464/6glND91g_normal.jpg,,2022-04-17 23:51:01
Griffin Yow,griffin_yow,2081,242,,,,http://pbs.twimg.com/profile_images/1283948085740294145/QtYHGgj6_normal.jpg,,2022-04-14 20:30:00
Brandon Bye,brandon_bye,2075,185,,"Boston, MA",,http://pbs.twimg.com/profile_images/1475549327829385222/oTlDl0pJ_normal.jpg,,2022-04-14 20:30:00
johnnny.10,johnny_1110,2052,292,,,,http://pbs.twimg.com/profile_images/1494471783352659980/hg4P1aOJ_normal.jpg,,2022-04-14 20:30:00
Marco Farfan,marcofarfan_28,2051,340,,,,http://pbs.twimg.com/profile_images/1506486478649626625/KsFg5o5N_normal.jpg,,2022-04-14 20:30:00
Danesha Adams,daadams9,2009,1032,,"Houston, TX",,http://pbs.twimg.com/profile_images/1361422255830433792/VFWSRiJx_normal.jpg,,2022-04-14 20:30:00
Paolo DelPiccolo,pdp03,1920,234,,303.UofL.Germ.MTL.mass.PHX.CLT,,http://pbs.twimg.com/profile_images/987043888580976643/rsjKM0Pu_normal.jpg,,2022-05-09 07:50:18
Ali Messaoud,Ali_messaoud,1806,160,,"Rotterdam, Nederland",,http://pbs.twimg.com/profile_images/826758980085096448/1LOaaRAS_normal.jpg,https://www.instagram.com/alimessaoud10/,2022-04-26 23:50:25
Jhamie Chin,JhamieChin,1769,1071,,"Chicago, IL",,http://pbs.twimg.com/profile_images/1485717948958396416/owf72vGg_normal.jpg,http://www.chicagofirefc.com,2022-04-14 20:30:00
√ûorgr√≠mur √ûr√°insson,TThrainsson,1735,174,,Iceland,,http://pbs.twimg.com/profile_images/683944783396605952/wsfU2R0g_normal.jpg,http://andi.is,2022-04-17 02:50:43
Elizabeth Eddy,elizabetheddy2,1732,790,,Southern California,,http://pbs.twimg.com/profile_images/1371235726109593604/JLEudPxf_normal.jpg,,2022-04-25 06:50:49
Dimas Argoebie,Dimas_Argoebie,1666,178,,BOGOR ,,http://pbs.twimg.com/profile_images/431421492484534272/VZKNhXVb_normal.jpeg,,2022-04-19 07:50:34
Jordy Delem,JordyDelem,1586,199,,"Seattle, WA",,http://pbs.twimg.com/profile_images/1344399817800208384/FUxkxqgb_normal.jpg,"https://youtu.be/yw39YLh-At4,https://www.instagram.com/jordy_delem",2022-04-14 20:30:00
lerato ‚ûê,LeratoDonald7,1534,1356,,"Bloemfontein, South Africa",,http://pbs.twimg.com/profile_images/1352954927962877952/_Z3gAZaP_normal.jpg,http://instagram.com/leratodonald3,2022-05-04 03:50:53
Ismael Tajouri-Shradi,isitj29,1420,40,,"New York, USA",,http://pbs.twimg.com/profile_images/1177663274470576129/Q0te0SRZ_normal.jpg,,2022-04-14 20:30:00
Rachel Breton,rachiebret,1362,1046,,Sky Blue FC  / Amazon Grimstad,,http://pbs.twimg.com/profile_images/1036046550848425984/j4zuw2FJ_normal.jpg,http://www.skybluefc.com/player/rachel-breton/,2022-04-14 20:30:00
Cami Privett,CamiPrivett,1345,190,,"Houston, TX",,http://pbs.twimg.com/profile_images/1147262857358299141/cUI_moy5_normal.jpg,http://www.houstondynamo.com/players/cami-privett,2022-04-14 20:30:00
Ikoma-Lo√Øs Openda,LoisOpenda,1344,69,,,,http://pbs.twimg.com/profile_images/1346859812995407877/SZrdiiko_normal.jpg,https://www.instagram.com/openda80,2022-05-04 04:51:12
Ilsinho Jr,Godex_77,1343,325,,"Philadelphia, PA",,http://pbs.twimg.com/profile_images/1330151248444710914/w1coL1dQ_normal.jpg,"https://www.twitch.tv/ilsinhojr,http://twitch.tv/ilsinhojr",2022-05-08 02:50:41
Santiago Pati√±o,SPatino_9,1337,160,,,,http://pbs.twimg.com/profile_images/1368580602241384449/spkndbUp_normal.jpg,,2022-04-27 02:51:33
Gladson Awako,Awako_10,1330,187,,"Accra, Ghana",,http://pbs.twimg.com/profile_images/1145132816872722432/Vo_RsoVh_normal.jpg,,2022-04-14 20:30:00
Sarah Teegarden,sarahteeharkes,1310,184,,,,http://pbs.twimg.com/profile_images/1189680312000925696/qan8823R_normal.jpg,,2022-05-01 13:51:04
King Oduro,DominicOduro,1245,229,,"St Petersburg, FL",,http://pbs.twimg.com/profile_images/1500196720394780673/ukS9Q1I4_normal.jpg,https://m.facebook.com/dominic.kaka,2022-04-14 20:30:00
Matt Bersano,mbersano1,1242,404,,"Tempe, AZ",,http://pbs.twimg.com/profile_images/1168921899902091264/XU2RIS-G_normal.jpg,,2022-04-14 20:30:00
Ericksongallardoüáªüá™üöÄ,Meteorogallardo,1212,347,,"Barinas, Venezuela",,http://pbs.twimg.com/profile_images/1261642557643251713/1_GMp03m_normal.jpg,http://Instagram.com/@ericksongallardo96,2022-04-24 14:50:29
maikel chang,maikel_chang,1156,327,,salt lake city ,,http://pbs.twimg.com/profile_images/1418227305114075140/CPqUiN1k_normal.jpg,,2022-04-14 20:30:00
Sarah,Sarah_Boudaoud,1147,707,,"Paris, France",,http://pbs.twimg.com/profile_images/1385415675741708290/r4ccC0pk_normal.jpg,https://www.instagram.com/sarahboudaoud23/,2022-04-14 20:30:00
~ y a n n e ~,yannelopess,1118,170,,"Bahia, Brasil",,http://pbs.twimg.com/profile_images/1497647569899511811/TybzqFiV_normal.jpg,,2022-04-14 20:30:00
Phillip Jackson,phil_jackson,1106,525,,"Los Angeles, CA",,http://pbs.twimg.com/profile_images/1477777844566589442/-FVIW1aS_normal.jpg,http://PhillipJacksonDP.com,2022-04-14 20:30:00
Julian B√ºscher,JulianBuescher,1105,273,,"Calgary, Canada",,http://pbs.twimg.com/profile_images/897269052808278016/gcBEQqpT_normal.jpg,http://www.dcunited.com/players/julian-buscher,2022-04-14 20:30:00
Luis Diaz,luis_diaz2206,1094,97,,,,http://pbs.twimg.com/profile_images/1338030105239678976/mOXwlkl7_normal.jpg,,2022-04-14 20:30:00
Davis Paul,davis_paul,1081,313,,"San Francisco, CA",,http://pbs.twimg.com/profile_images/683118758517329920/P0Nmd7t1_normal.jpg,http://instagram.com/davispaul,2022-04-14 20:30:00
Gilbert Fuentes,g_fuentess,1020,144,,,,http://pbs.twimg.com/profile_images/1195589074167517189/Y0hizoO3_normal.jpg,,2022-04-14 22:50:28
Jeremy Pizzino,JeremyT1717,1016,929,,West Virginia ,,http://pbs.twimg.com/profile_images/1450209931769098242/WrQnqw50_normal.jpg,,2022-04-14 20:30:00
Ricky Lopez-Espin,rickylopezespin,974,330,,"Miami, FL",,http://pbs.twimg.com/profile_images/996202723207884801/f9sHJ3v9_normal.jpg,https://www.instagram.com/rlopezespin/?hl=en,2022-04-14 20:30:00
Jessüíñ‚öΩÔ∏èüíô,JBaiii757,949,442,,2up2down VA,,http://pbs.twimg.com/profile_images/1153408397506678785/qKrLmyvC_normal.jpg,,2022-04-14 20:30:00
Chris Estridge,Chris_Estridge,928,372,,"indianapolis, IN",,http://pbs.twimg.com/profile_images/741802992546938880/AdXTmeCW_normal.jpg,,2022-04-14 20:30:00
Chris (Beez) Wehan,wehan_14,920,263,,,,http://pbs.twimg.com/profile_images/1228672293716492289/wD1589Go_normal.jpg,,2022-04-14 20:30:00
Mike Gartlan,mikegartlan,868,333,,"Corona Del Mar, CA   ",,http://pbs.twimg.com/profile_images/866724710670905344/J6bbm_WU_normal.jpg,,2022-05-10 23:50:22
SalihﬁÉ,SalihKOSEL,832,642,,"Mersin,T√ºrkiye Bah√ße Mahallesi",,http://pbs.twimg.com/profile_images/1507979714819985408/on7vReCn_normal.jpg,http://Instagram.com/salihkosel,2022-04-14 20:30:00
Caity Heap,caity_heap,826,347,,"Dallas, TX",,http://pbs.twimg.com/profile_images/996148736811257856/-j88KuSQ_normal.jpg,http://theheapsweep.com,2022-04-25 18:50:22
Edgar Castillo,Edgar19Castillo,794,40,,"Atlanta, GA",,http://pbs.twimg.com/profile_images/1352291892042625024/OdrURfBA_normal.jpg,,2022-04-16 10:50:28
Jordan Cano,JordanACano2,731,507,,"Dallas, TX",,http://pbs.twimg.com/profile_images/1004487986317332480/Kq-nP2Li_normal.jpg,,2022-04-14 20:30:00
Edward Kizza,edwardk_19,684,242,,"Foxborough, MA",,http://pbs.twimg.com/profile_images/1370152165306695680/iAqAiEi4_normal.jpg,https://www.revolutionsoccer.net/players/edward-kizza/,2022-05-02 09:50:37
Stiven jimenez,Stivenjimez,679,36,,,,http://pbs.twimg.com/profile_images/1498918105799663619/iWpH9qvE_normal.jpg,,2022-04-14 20:30:00
Rob Moore,Robert_Moore24,671,305,,,,http://pbs.twimg.com/profile_images/1506033997884923905/9Qqx581z_normal.jpg,,2022-05-07 03:50:20
Tendai Jirira,Tendaijirira,664,680,,"Detroit, MI",,http://pbs.twimg.com/profile_images/1479113823315390479/8G1HbjOT_normal.jpg,https://opensea.io/account,2022-04-14 20:30:00
OpenGoalProject,opengoalproject,656,164,,"Washington, DC",,http://pbs.twimg.com/profile_images/838168415974076416/ftYEl8OO_normal.jpg,http://www.OpenGoalProject.org,2022-04-14 20:30:00
Boyke,BlakeBodily,651,427,,"Portland, OR",,http://pbs.twimg.com/profile_images/1485431886046367746/9t80iyry_normal.jpg,,2022-04-14 20:30:00
David Loera,Davidloera_10,618,125,,"Orlando, FL",,http://pbs.twimg.com/profile_images/1319355480259649536/amuJW5kQ_normal.jpg,,2022-04-14 20:30:00
DANIEL OPARE OFFICIAL,opare4_daniel,599,116,,,,http://pbs.twimg.com/profile_images/1063716011529121793/DTrak2vp_normal.jpg,,2022-04-26 12:51:05
Davide Bertoncini,DavideBerto91,546,70,,"Piacenza, Emilia Romagna",,http://pbs.twimg.com/profile_images/1366772503272693760/uTu8TZr2_normal.jpg,https://www.facebook.com/pages/DAVIDE-BERTONCINI/191352714259178?ref=bookmarks,2022-04-14 20:30:00
Molly clark,molly_clarky10,529,56,,,,http://pbs.twimg.com/profile_images/1462052360423976971/AO07zBLE_normal.jpg,,2022-04-14 20:30:00
Medford Strikers SC,medfordstrikers,497,251,,"Medford, NJ",,http://pbs.twimg.com/profile_images/509138756545544192/yxs63tcH_normal.jpeg,http://www.medfordstrikers.com,2022-04-14 20:30:00
joshua atencio,joshuaatencio1,481,58,,"Bellevue, WA",,http://pbs.twimg.com/profile_images/1041372432043372545/dUM8zDHl_normal.jpg,,2022-04-14 20:30:00
Rodney Michael,RodneyEMichael,470,258,,"Santa Barbara, CA",,http://pbs.twimg.com/profile_images/1402072684498878466/elGXbL6w_normal.jpg,,2022-04-14 20:30:00
Simone Del Mestre,simodm83,470,247,,,,http://pbs.twimg.com/profile_images/1404206934090264576/sIPWMt-z_normal.jpg,,2022-04-14 20:30:00
ADULE Charity,AduleC,461,171,,Spain,,http://pbs.twimg.com/profile_images/1182986509483413504/VoMoi_dn_normal.jpg,,2022-04-14 20:30:00
Evolution Soccer Academy,ESoccerAcademy,453,173,,"501 Swain,Greenacres, FL 33463",,http://pbs.twimg.com/profile_images/1017794307829518337/fbJCmcxM_normal.jpg,http://bit.ly/season2021-2022,2022-04-14 20:30:00
Daniel Crisostomo,danny_christos,440,401,,,,http://pbs.twimg.com/profile_images/1423369126798450688/PcZnVfpp_normal.jpg,https://www.youtube.com/watch?v=jaTB_GDlDK4&t=393s,2022-04-14 20:30:00
Diewo Fabregas,diewofr,439,982,,Qro|Mex üá≤üáΩ,,http://pbs.twimg.com/profile_images/791314239176646656/PZLUIqGu_normal.jpg,https://Instagram.com/diewofr,2022-05-01 06:50:35
Joris Klein-Holte,Jkleinholte,398,98,,,,http://pbs.twimg.com/profile_images/595643233805443072/P2hILjSz_normal.jpg,,2022-04-14 20:30:00
mbaizoolivier,mbaizoolivier1,392,66,,"North Central, Philadelphia",,http://pbs.twimg.com/profile_images/1276638466953089025/RUsSMmDW_normal.jpg,,2022-04-29 01:50:29
Mayra,WomandelCallao,374,696,,Chile,,http://pbs.twimg.com/profile_images/378800000727190503/915a1da3013525b8dcbf09436092f502_normal.jpeg,,2022-04-14 20:30:00
Fuko Takahashi/ È´ôÊ©ã Ê•ìÂß´,mmyrf29,370,228,,,,http://pbs.twimg.com/profile_images/1503363874585985026/keDwth1N_normal.jpg,,2022-04-14 20:30:00
Ayax Ante,AyaxAnte,364,804,,Mexico City,,http://pbs.twimg.com/profile_images/378800000455637394/f1294ecc351704486a44e73a74e92e2a_normal.jpeg,http://mx.linkedin.com/in/ayaxanteimpossibleisnothing/en,2022-04-14 20:30:00
alassane ndao,alassanendao20,361,13,,,,http://pbs.twimg.com/profile_images/1491539949690183684/4X9wh1b6_normal.jpg,,2022-05-07 12:51:17
John Pulskamp,john_pulskamp,351,51,,"Kansas City, MO",,http://pbs.twimg.com/profile_images/1492229745731272704/9aOoOOja_normal.jpg,,2022-04-24 12:50:45
Ahmed Adel_30,AhmedAdel304,333,2,,"Cairo, Egypt",,http://pbs.twimg.com/profile_images/1069245905675665408/UKuXoGBo_normal.jpg,"http://Olombic.SC,http://Talento.SC",2022-04-14 20:30:00
AHMAD,AhmadAldeqbasi,329,98,,Kuwait ,,http://pbs.twimg.com/profile_images/1475535700858740737/YvXidV_c_normal.jpg,,2022-04-14 20:30:00
Derya Arhan,arhan_derya,303,150,,,,http://pbs.twimg.com/profile_images/1412732882079133697/JKbMrT7Q_normal.jpg,http://www.instagram.com/deryaarhan/,2022-04-14 20:30:00
GO UP Players,GoUPplayers,238,415,,,,http://pbs.twimg.com/profile_images/1460522847344943105/u9GNv53e_normal.jpg,http://www.goupplayers.com,2022-05-02 23:50:21
Barney,paulbarnes1981,235,551,,"South East, England",,http://pbs.twimg.com/profile_images/876521987866316801/gaiRtcsV_normal.jpg,,2022-04-30 23:50:58
The Play,ThePlayPodcast,232,31,,,,http://pbs.twimg.com/profile_images/705052330698391552/SBV5hlf5_normal.jpg,http://whatahowler.com,2022-04-14 20:30:00
Zo√´,zoe_tahirih,209,215,,,,http://pbs.twimg.com/profile_images/1111891622965448705/yy93F1u1_normal.jpg,,2022-04-14 20:30:00
Paulo G. Delgado,paulo10delgado7,206,1385,,"Pasadena, TX",,http://pbs.twimg.com/profile_images/1492594857319276548/eF2FyIQr_normal.jpg,https://instagram.com/paulo_delgado21?igshid=1cnbg0erlmq0c,2022-05-12 09:50:53
gustavo,gustavo_feye,206,45,,leiden,,http://pbs.twimg.com/profile_images/461774334676459522/bu8dCM8u_normal.jpeg,,2022-04-14 20:30:00
Wilfredo Rivera,BodoWilfredo,200,15,,,,http://pbs.twimg.com/profile_images/1397917393247039495/gOexhmgY_normal.jpg,,2022-04-14 20:30:00
rayan,EhabRayan,193,143,,october,,http://pbs.twimg.com/profile_images/1150519295329349632/tUDNTtpf_normal.jpg,http://www.Ahlyegypt.com,2022-04-14 20:30:00
Omar Isfel,IsfelOmar,189,187,,,,http://pbs.twimg.com/profile_images/999013967442800640/2T8stvT4_normal.jpg,,2022-04-14 20:30:00
WorldSoccerConsult,SoccerWSC,188,111,,Hierden,,http://pbs.twimg.com/profile_images/1110519337046151169/4TOX37gz_normal.png,http://www.worldsoccerconsult.com,2022-04-14 20:30:00
heskstat,heskstat,182,276,,Australia,,http://pbs.twimg.com/profile_images/966254951755169792/VZCmSkZ6_normal.jpg,"http://heskstat.com,http://heskstat.com",2022-04-14 20:30:00
Javier Prieto,ElToroJavier,146,303,,Miami Springs,,http://pbs.twimg.com/profile_images/487404658520911872/d52ovUeV_normal.jpeg,http://eltorojavier.com,2022-04-14 20:30:00
Todd Wysong,ToddWysong24,114,371,,"Mobile,AL",,http://pbs.twimg.com/profile_images/1428178862278578176/su08nogt_normal.jpg,http://www.beefobradys.com,2022-05-01 01:50:52
Bankai546,bankai546,73,1748,,,,http://pbs.twimg.com/profile_images/1424036348382547974/3rBWYClJ_normal.jpg,https://m.twitch.tv/bankai546/profile,2022-04-14 20:30:00
Jamie Webber,jamie_webber12,70,32,,,,http://pbs.twimg.com/profile_images/1250849086762356738/kIeYRLVN_normal.jpg,,2022-04-14 20:30:00
Katie Redfearn,katieredfearn17,42,74,,,,http://pbs.twimg.com/profile_images/638438229524529152/sypCMfcu_normal.jpg,http://meg.grace.com,2022-04-14 20:30:00
Daniel Hernandez,hernandezsoccer,27,115,,,,http://pbs.twimg.com/profile_images/1371112063284678659/oX_xASMN_normal.jpg,,2022-04-14 20:30:00
vivian,vivianoclaire,18,93,,"Johnsburg, IL",,http://pbs.twimg.com/profile_images/1514422673975218178/OuSxMj2n_normal.jpg,,2022-04-14 20:30:00
Oguzhan,oguz_kznc,16,10,,,,http://pbs.twimg.com/profile_images/824368072035287049/dgZShhbu_normal.jpg,,2022-04-14 20:30:00
